run	success	duration	cost	LI__ICGIM_Vmax	LI__ICGIM_Km	LI__ICGLI2CA_Vmax	LI__ICGLI2CA_Km	LI__ICGLI2BI_Vmax	message	x	x0
41	True	12.041535377502441	25.416883370451387	0.022494793169556413	0.013927851655482772	0.0009575156502069507	0.01184840511920369	0.0001144654580576612	`xtol` termination condition is satisfied.	[0.02249479 0.01392785 0.00095752 0.01184841 0.00011447]	[0.03183981 0.00164682 0.00026072 0.00067256 0.00014521]
62	True	14.792887449264526	25.4598904613186	0.022013304376603825	0.013606320384575758	0.0008105737921050099	0.005241706437531274	0.00011400405980792038	`xtol` termination condition is satisfied.	[0.0220133  0.01360632 0.00081057 0.00524171 0.000114  ]	"[9.27442669e-03 4.61438882e-04 2.71066428e+00 8.01581470e-02
 1.64874475e-05]"
125	True	8.857600927352905	25.534681280533977	0.020489174339099293	0.012614961198055675	0.0012575313436000797	0.028499144865499367	0.00011616432223760194	`xtol` termination condition is satisfied.	[0.02048917 0.01261496 0.00125753 0.02849914 0.00011616]	"[8.50911987e-02 9.09929947e-04 1.37210822e-03 1.27758746e-02
 3.51006110e-05]"
144	True	13.966679334640503	25.556542685109555	0.0222950566046483	0.01379101285451705	0.0012427914468848141	0.0274918034871443	0.00011582310202154481	`xtol` termination condition is satisfied.	[0.02229506 0.01379101 0.00124279 0.0274918  0.00011582]	"[2.51290328e-04 4.75952830e-03 2.17027252e-02 1.36511533e+00
 2.32298792e-05]"
68	True	8.869228601455688	25.55815101948563	0.02206722479364695	0.01365717263592015	0.0012506444823355955	0.027964045936682138	0.0001158689814277253	`xtol` termination condition is satisfied.	[0.02206722 0.01365717 0.00125064 0.02796405 0.00011587]	"[3.79555177e-01 1.19599273e-04 1.37407400e-03 1.19065483e-02
 1.12436771e-04]"
187	True	14.212232828140259	25.563222653975462	0.022489826674895567	0.01393917976802527	0.0012452558549057734	0.027657498438579217	0.00011584441585860765	`xtol` termination condition is satisfied.	[0.02248983 0.01393918 0.00124526 0.0276575  0.00011584]	[0.00075946 0.0005788  0.00170625 0.03021063 0.00082402]
190	True	10.917746782302856	25.568151374283705	0.022510896236035978	0.013953137999307594	0.001250445960997909	0.02794726023360367	0.00011584990339995454	`xtol` termination condition is satisfied.	[0.0225109  0.01395314 0.00125045 0.02794726 0.00011585]	"[9.76499901e-05 1.74145105e-03 6.82847982e-04 5.04695465e-03
 2.80619539e-03]"
169	True	14.35307502746582	25.578794772435376	0.023231247229511837	0.014412323128863513	0.0012416277788456494	0.027463775627756832	0.00011582665385073367	`xtol` termination condition is satisfied.	[0.02323125 0.01441232 0.00124163 0.02746378 0.00011583]	"[3.87695651e-03 9.30913287e-04 9.78913043e-01 1.60795924e-03
 1.51892958e-02]"
19	True	13.293451070785522	25.626550799852648	0.024898927278811347	0.015506931720361173	0.0012477013760878628	0.027969974374430863	0.0001160525009874636	`xtol` termination condition is satisfied.	[0.02489893 0.01550693 0.0012477  0.02796997 0.00011605]	"[1.43449365e-05 5.15878917e-02 6.61559582e-03 2.74654698e+02
 2.25142186e-04]"
138	True	9.373422145843506	25.643885715026304	0.02581652061637633	0.016103206091764723	0.0012342588951921706	0.02699378385612372	0.0001156928379275291	`xtol` termination condition is satisfied.	[0.02581652 0.01610321 0.00123426 0.02699378 0.00011569]	"[2.08324922e+00 1.18612398e-03 1.11561749e-02 5.23280475e-02
 7.36720573e-05]"
156	True	9.282011985778809	25.71197486125551	0.02794330618434574	0.01749733895238408	0.0012407898638937135	0.028031268604350432	0.00011643490765001158	`xtol` termination condition is satisfied.	[0.02794331 0.01749734 0.00124079 0.02803127 0.00011643]	[0.28472461 0.00556086 0.00618302 0.07580455 0.00047592]
107	True	11.00137734413147	25.718617106540822	0.0285762533498949	0.017904701854777615	0.0012217918687712167	0.026492048359837938	0.00011570810326710798	`xtol` termination condition is satisfied.	[0.02857625 0.0179047  0.00122179 0.02649205 0.00011571]	"[3.97762453e-03 6.70633634e-02 3.85535840e+00 4.69197016e-02
 1.50301528e-04]"
122	True	11.280450344085693	25.734405403209102	0.02941376543273562	0.018452535615704056	0.0012097847738497113	0.026379998602448548	0.00011645562907581317	`xtol` termination condition is satisfied.	[0.02941377 0.01845254 0.00120978 0.02638    0.00011646]	"[4.94739348e+00 1.43957653e-03 1.50495984e-02 7.27096223e-04
 1.10646156e-05]"
131	True	23.887128114700317	25.744717596019818	0.02981552215550458	0.018701798787768852	0.0012073488086312616	0.025781748866670083	0.00011589315270340008	`xtol` termination condition is satisfied.	[0.02981552 0.0187018  0.00120735 0.02578175 0.00011589]	"[9.05007869e+01 3.09133765e-03 7.38985873e-04 2.13785234e-03
 1.80279823e-04]"
183	True	14.047194242477417	25.770059323704558	0.030461203771649868	0.019128999346405835	0.0012164095464108795	0.02626585995355795	0.0001158834161731804	`xtol` termination condition is satisfied.	[0.0304612  0.019129   0.00121641 0.02626586 0.00011588]	"[2.82542415e+00 5.25726399e-03 5.37319820e-03 7.89491721e-04
 3.36928583e-04]"
104	True	8.206032752990723	25.803641611151708	0.03669448146158228	0.02320690792083033	0.0008566508647573808	0.007879701367316857	0.00011393709034909457	`xtol` termination condition is satisfied.	[0.03669448 0.02320691 0.00085665 0.0078797  0.00011394]	[0.02898478 0.02453738 0.0028843  0.00037858 0.00065976]
129	True	8.753050088882446	26.483815449582767	0.02015236142189189	0.012387477005642257	0.0006442815909325451	0.15749250275686733	0.0007900654405254605	`xtol` termination condition is satisfied.	[0.02015236 0.01238748 0.00064428 0.1574925  0.00079007]	"[1.74830141e+01 1.31228999e-04 5.09794871e-03 2.56665167e+00
 1.16588356e-02]"
211	True	11.54958462715149	26.52734836551752	0.022611672988124443	0.013999366850072914	0.000659755556784588	0.16139927677283775	0.0007777546816240587	`xtol` termination condition is satisfied.	[0.02261167 0.01399937 0.00065976 0.16139928 0.00077775]	"[1.43873978e-03 2.37718199e-02 2.31243270e-01 1.30055353e-03
 2.70002572e-05]"
80	True	11.452662706375122	26.532822060709808	0.022733540544190613	0.014084251263315455	0.0006945880873141474	0.1718071762761516	0.0007649534480988641	`xtol` termination condition is satisfied.	[0.02273354 0.01408425 0.00069459 0.17180718 0.00076495]	"[5.93599195e-03 1.76585594e-04 1.10982791e-03 8.91824944e+01
 2.77331178e-03]"
28	True	11.178897142410278	26.541842393429896	0.022928870203468562	0.014206476392435483	0.0006313641027094174	0.15446876821549693	0.0007986146924602836	`xtol` termination condition is satisfied.	[0.02292887 0.01420648 0.00063136 0.15446877 0.00079861]	"[2.58720622e-04 1.24396974e-02 9.37377636e-03 1.20626482e+01
 1.70108914e+00]"
191	True	14.411329507827759	26.563248029867694	0.02373213572523449	0.01473356435768448	0.0005866806308654472	0.14107281241792743	0.0008080610935901483	`ftol` termination condition is satisfied.	[0.02373214 0.01473356 0.00058668 0.14107281 0.00080806]	"[2.06828851e-03 6.80455862e-04 3.15754956e-03 6.78235580e+01
 3.92627852e-01]"
14	True	14.055555582046509	26.566835775244716	0.02150657753118006	0.013274732463387267	0.000468294395920958	0.10309486505713897	0.0007607397252166564	`xtol` termination condition is satisfied.	[0.02150658 0.01327473 0.00046829 0.10309487 0.00076074]	"[1.07518499e-04 2.14580063e-02 2.35122311e-03 2.46568411e-01
 6.41168866e+00]"
127	True	11.248724699020386	26.59465502931462	0.02392544251138518	0.014864851359543909	0.0005185829084381989	0.12218323935936119	0.0008350106562272134	`xtol` termination condition is satisfied.	[0.02392544 0.01486485 0.00051858 0.12218324 0.00083501]	"[1.01640093e-02 1.42409234e-03 1.17921061e-04 3.01033600e+02
 2.25703779e-01]"
214	True	11.768373489379883	26.633936537849433	0.02548174297760657	0.015877652700798748	0.0008362251889286109	0.2105413536218607	0.0007395165553223369	`xtol` termination condition is satisfied.	[0.02548174 0.01587765 0.00083623 0.21054135 0.00073952]	"[1.99542585e+01 3.52966622e-04 1.81468895e-02 5.80910837e+00
 3.80421779e-03]"
69	True	18.817522287368774	26.633996878812844	0.024761285868312936	0.015407871081806183	0.0009188941306100982	0.23327351275391678	0.0007233397526737512	`xtol` termination condition is satisfied.	[0.02476129 0.01540787 0.00091889 0.23327351 0.00072334]	"[1.24075841e-04 1.90727100e-04 4.04467501e-01 3.84038678e+02
 3.64225738e-01]"
141	True	9.74090027809143	26.642491951654723	0.022725306873200013	0.014080902970587847	0.0004288948430434986	0.09525549591709195	0.0008253722138178719	`xtol` termination condition is satisfied.	[0.02272531 0.0140809  0.00042889 0.0952555  0.00082537]	"[3.40078850e+01 1.76311157e-04 2.06722421e-04 2.55053345e-01
 1.99867950e-01]"
184	True	10.783023595809937	26.643813020582574	0.018841121105286157	0.011525562482492013	0.00040086137807876894	0.08755420874557211	0.0008622089803609273	`xtol` termination condition is satisfied.	[0.01884112 0.01152556 0.00040086 0.08755421 0.00086221]	"[4.24765337e-02 1.83487432e-04 3.74307676e-04 3.85779397e+00
 1.63047919e-04]"
202	True	11.875166893005371	26.646949208127033	0.02367784808177681	0.014705290546002107	0.00045558888758588363	0.10505316290728017	0.0008727481422234758	Both `ftol` and `xtol` termination conditions are satisfied.	[0.02367785 0.01470529 0.00045559 0.10505316 0.00087275]	"[3.20413549e-02 1.42244280e-04 5.27710686e-04 1.44662949e+01
 5.49221783e-04]"
123	True	10.815041542053223	26.651202219062377	0.018937000162767517	0.011600381588815704	0.0003996888202280026	0.08819243673937191	0.0008851327793986059	`xtol` termination condition is satisfied.	[0.018937   0.01160038 0.00039969 0.08819244 0.00088513]	"[2.15314325e-04 7.16812667e-04 7.77689623e-03 3.00731724e+01
 6.75508838e-01]"
79	True	15.587204933166504	26.655659226313272	0.027188332435544676	0.016999502112819937	0.0006561736850261745	0.15979908276549917	0.0007755364626539162	`xtol` termination condition is satisfied.	[0.02718833 0.0169995  0.00065617 0.15979908 0.00077554]	"[4.21240362e-04 2.62900432e-02 1.87129658e-04 6.15592886e+03
 2.09306900e-04]"
143	True	12.820592641830444	26.662251414326814	0.026164301458644488	0.016323750871310234	0.0005227297111826028	0.12415619998731553	0.0008452671825685153	`xtol` termination condition is satisfied.	[0.0261643  0.01632375 0.00052273 0.1241562  0.00084527]	"[2.08981146e-04 3.32739035e-02 3.87980252e-04 1.68998955e+02
 4.33115862e-04]"
105	True	14.890392065048218	26.663438194194644	0.024646682769248245	0.015333248336836676	0.0004540715869818012	0.10378447051205454	0.0008397169183003047	`xtol` termination condition is satisfied.	[0.02464668 0.01533325 0.00045407 0.10378447 0.00083972]	"[1.23101071e-03 1.18518184e-04 2.14448803e-04 5.93601402e+02
 1.87565980e-05]"
50	True	18.414772987365723	26.66438414730011	0.02750216516399351	0.017204828589451143	0.0006259461916275705	0.15087487746523956	0.0007838413190366803	`xtol` termination condition is satisfied.	[0.02750217 0.01720483 0.00062595 0.15087488 0.00078384]	"[2.30110480e-03 2.10685951e-02 2.67513678e-03 2.24834418e+03
 1.21781032e-01]"
91	True	17.77541422843933	26.665121588818593	0.027522838097698475	0.017218279427440576	0.0006314428895928826	0.15260001791026406	0.0007818429350235782	`xtol` termination condition is satisfied.	[0.02752284 0.01721828 0.00063144 0.15260002 0.00078184]	"[2.70545750e-02 6.45350151e-04 2.60110257e-03 5.98429975e+00
 1.72388663e+00]"
57	True	14.941577672958374	26.665122960693928	0.027628389508186642	0.01728751046753163	0.0006269797858525952	0.15033093319123964	0.0007746635403995979	`xtol` termination condition is satisfied.	[0.02762839 0.01728751 0.00062698 0.15033093 0.00077466]	"[1.16994038e-03 2.56809054e-01 3.86331576e-01 5.77524700e+00
 3.00517242e-01]"
26	True	11.970834493637085	26.666423869383536	0.01926829789280737	0.011813364443138628	0.0003906412837861571	0.08281887045652958	0.0008201450319281837	`xtol` termination condition is satisfied.	[0.0192683  0.01181336 0.00039064 0.08281887 0.00082015]	"[4.85848052e-01 1.32478093e-04 5.05686131e-04 4.63545433e-02
 3.93248941e-02]"
208	True	17.67575240135193	26.66992788630522	0.027641486122863556	0.01729659147810545	0.0006072280112619524	0.14518865436994222	0.0007888966483411648	`xtol` termination condition is satisfied.	[0.02764149 0.01729659 0.00060723 0.14518865 0.0007889 ]	"[2.94842829e+00 7.87364354e-04 3.35855976e-03 6.99842004e+03
 1.65426236e-05]"
167	True	14.65704607963562	26.671775889629057	0.026234009776274637	0.01637453087534534	0.0008981329290972434	0.22742705268097385	0.0007249023236101289	`xtol` termination condition is satisfied.	[0.02623401 0.01637453 0.00089813 0.22742705 0.0007249 ]	"[1.23093037e+00 3.00601635e-04 3.25335067e-03 1.40217594e+03
 1.05033350e-02]"
213	True	12.081418991088867	26.67190075767556	0.01828073153090354	0.011154392751529367	0.0003884337690395545	0.08330927179326485	0.0008466265605039733	`xtol` termination condition is satisfied.	[0.01828073 0.01115439 0.00038843 0.08330927 0.00084663]	"[2.67966046e-04 4.79207840e-02 2.01279309e-04 2.49096787e-01
 3.52449730e-02]"
53	True	12.302632808685303	26.675352455027557	0.02253537863729286	0.013952328122499013	0.0004075644048869768	0.08949222723774095	0.0008433552692140143	`xtol` termination condition is satisfied.	[0.02253538 0.01395233 0.00040756 0.08949223 0.00084336]	"[4.35370533e-05 1.20112330e-01 9.26081020e-04 5.71177186e-02
 1.02307088e-01]"
47	True	14.455409526824951	26.679643072490837	0.01853116062772496	0.011319224331071947	0.0003870824703835594	0.08456841420259335	0.0008903459570957923	`xtol` termination condition is satisfied.	[0.01853116 0.01131922 0.00038708 0.08456841 0.00089035]	"[3.98630785e-05 8.40627813e-04 3.88115466e-02 2.36303616e-04
 3.95211245e-04]"
229	True	14.541568279266357	26.687572572038825	0.02763172493290075	0.017289170928720645	0.0005483821835567571	0.12953917046397714	0.0008170621185977611	`xtol` termination condition is satisfied.	[0.02763172 0.01728917 0.00054838 0.12953917 0.00081706]	[0.01291362 0.00327907 0.00637363 0.2246631  0.63259912]
40	True	17.45920419692993	26.69195314543001	0.02840807983940244	0.017797607034294304	0.0006152695234657679	0.14714559273483738	0.0007859035352653027	`xtol` termination condition is satisfied.	[0.02840808 0.01779761 0.00061527 0.14714559 0.0007859 ]	"[7.36225773e-05 2.46887189e-01 1.67850378e-04 1.08815104e+03
 3.89143834e-01]"
236	True	19.82097887992859	26.7040764745946	0.02789145277756422	0.01745927234948673	0.0005235340068842968	0.12277726328445933	0.0008223019178045499	`xtol` termination condition is satisfied.	[0.02789145 0.01745927 0.00052353 0.12277726 0.0008223 ]	"[4.45082716e-01 1.69488411e-03 1.32324093e-03 3.18293902e+03
 1.55408275e+00]"
16	True	14.717704057693481	26.70803935892076	0.027182028512967474	0.01699580299142841	0.000491158851369507	0.11468782401194949	0.0008420392024445725	`xtol` termination condition is satisfied.	[0.02718203 0.0169958  0.00049116 0.11468782 0.00084204]	"[6.00087442e-03 1.77249920e-04 1.83095015e-04 2.27513896e+03
 5.94564840e-01]"
245	True	12.237465620040894	26.72048555964117	0.02561382396519314	0.015969336748347388	0.0011283768751308128	0.29413956478267456	0.0007009783073721958	`xtol` termination condition is satisfied.	[0.02561382 0.01596934 0.00112838 0.29413956 0.00070098]	"[1.10668405e-04 3.31407753e-02 5.05986587e+00 4.73085665e+00
 1.42755212e-03]"
58	True	13.451521158218384	26.722617236946622	0.020339569904445562	0.012508546760566158	0.00037102813943088874	0.07858149421112552	0.0008528782985731155	`xtol` termination condition is satisfied.	[0.02033957 0.01250855 0.00037103 0.07858149 0.00085288]	"[1.60838809e-04 7.38218838e-04 4.86455723e-03 7.00276034e-04
 1.30808348e+00]"
166	True	12.198946952819824	26.73701323690055	0.028024747133853015	0.017546060152307724	0.0004924934483842687	0.11537463468277757	0.0008536576016836006	`ftol` termination condition is satisfied.	[0.02802475 0.01754606 0.00049249 0.11537463 0.00085366]	"[9.65335355e+00 2.98021691e-03 1.10810482e-03 2.14671467e+02
 2.31159312e-03]"
110	True	12.63398289680481	26.737863364319143	0.029386956204450494	0.01843683459621012	0.00054397004927678	0.12828548479756002	0.0008096367664517592	`xtol` termination condition is satisfied.	[0.02938696 0.01843683 0.00054397 0.12828548 0.00080964]	[3.14538906 0.00344804 0.02224672 0.60170127 1.6739289 ]
159	True	11.124205827713013	26.743537682258015	0.021066558940457374	0.012989465379416271	0.0003793338660320753	0.08434359080192237	0.0009595881761499885	`ftol` termination condition is satisfied.	[0.02106656 0.01298947 0.00037933 0.08434359 0.00095959]	[0.00160464 0.01671724 0.00031122 0.00484294 0.03935376]
1	True	9.568819522857666	26.759502536761897	0.126686008690126	0.08182082151228089	0.0011150607451961727	0.020315551450615338	0.00011501517940283777	`xtol` termination condition is satisfied.	"[1.26686009e-01 8.18208215e-02 1.11506075e-03 2.03155515e-02
 1.15015179e-04]"	[0.05091526 0.1499489  0.00028131 0.00056635 0.00039605]
78	True	12.535094738006592	26.762860439309037	0.018897630864841874	0.011559711618829016	0.00035676481365727196	0.07611745613636285	0.0009112605970800151	`xtol` termination condition is satisfied.	[0.01889763 0.01155971 0.00035676 0.07611746 0.00091126]	"[7.19883552e+00 1.40596175e-04 2.57626717e-04 1.70015631e+00
 1.44467990e-05]"
85	True	15.804436445236206	26.764146322323235	0.021397726010544786	0.013210970058477434	0.00036263045521885503	0.0771399732730339	0.0008849492658524103	`xtol` termination condition is satisfied.	[0.02139773 0.01321097 0.00036263 0.07713997 0.00088495]	"[6.79893609e-04 3.43002020e-04 1.21033484e+00 3.94997129e-03
 1.77929401e-05]"
18	True	15.011755228042603	26.76500045601885	0.02070873713898608	0.012748708276905963	0.00036306600829842715	0.07865780167986332	0.0009333557903407595	`xtol` termination condition is satisfied.	[0.02070874 0.01274871 0.00036307 0.0786578  0.00093336]	"[1.79076344e-04 4.80681767e-04 8.02267287e-04 5.39944006e+02
 1.07911068e-03]"
181	True	11.84250259399414	26.766743190341316	0.020860881711873357	0.012858755892534766	0.00035918779150311784	0.07628252943113652	0.0008903439750866546	`xtol` termination condition is satisfied.	[0.02086088 0.01285876 0.00035919 0.07628253 0.00089034]	[0.09828989 0.0004021  0.00052648 0.00151163 0.00486973]
36	True	19.130326747894287	26.769289942410122	0.030673042860477073	0.01927889651655867	0.0005686939262041273	0.13491595559407446	0.0008017205419350988	`xtol` termination condition is satisfied.	[0.03067304 0.0192789  0.00056869 0.13491596 0.00080172]	[0.80268739 0.01837325 0.01852814 2.60695441 6.18753537]
212	True	14.12091612815857	26.77473027688156	0.031005762018033643	0.019495664402349618	0.0005889533514596334	0.1409304772348737	0.0007968984782457874	`xtol` termination condition is satisfied.	[0.03100576 0.01949566 0.00058895 0.14093048 0.0007969 ]	[0.00282117 0.24030532 0.10449862 0.07758942 0.00778683]
240	True	12.994701862335205	26.788473003672035	0.021973535381898626	0.013598517881962712	0.0003598240025573247	0.07676499942047495	0.0009002132102108758	`xtol` termination condition is satisfied.	[0.02197354 0.01359852 0.00035982 0.076765   0.00090021]	"[2.48461840e-04 5.46881505e-04 9.19149793e-04 6.38017415e-02
 4.90218826e-01]"
228	True	29.69237756729126	26.80250453316945	0.030960388814963196	0.019466976850872657	0.0005142673320952993	0.11941972447010672	0.0008308842929496132	`xtol` termination condition is satisfied.	[0.03096039 0.01946698 0.00051427 0.11941972 0.00083088]	"[1.64472004e-03 1.12320172e-02 1.56480741e-04 1.45776412e+02
 3.58410298e-01]"
56	True	16.33942198753357	26.804375954350487	0.0224508970453704	0.013902886011226486	0.0003587994790238475	0.07688076760816519	0.0009146730714026365	`ftol` termination condition is satisfied.	[0.0224509  0.01390289 0.0003588  0.07688077 0.00091467]	"[2.70082378e-04 1.12001949e-03 2.30841155e-02 3.99706622e-04
 4.74725210e-05]"
4	True	10.188862323760986	26.8343213507666	0.023777166371451462	0.014781050219577808	0.00036134487310186917	0.07807446492935428	0.0009298834757145947	`xtol` termination condition is satisfied.	[0.02377717 0.01478105 0.00036134 0.07807446 0.00092988]	"[2.47192841e+01 3.92439959e-04 1.00646324e-04 1.51213670e-04
 4.09363408e-03]"
31	True	15.649971008300781	26.877427164128104	0.0343161188812794	0.02165704588029912	0.0005569299437809439	0.13144067684650176	0.0008056510471246044	`xtol` termination condition is satisfied.	[0.03431612 0.02165705 0.00055693 0.13144068 0.00080565]	"[5.89652520e+00 6.80154701e-03 9.46337874e-04 1.72492570e+02
 7.69460521e-02]"
209	True	15.681310176849365	26.87836841988875	0.026789829466351833	0.016737503070109277	0.0003712747877250124	0.07852020919521423	0.0008432498312566482	`ftol` termination condition is satisfied.	[0.02678983 0.0167375  0.00037127 0.07852021 0.00084325]	"[2.09579939e-05 6.48890729e-01 1.40605199e-04 1.33922182e-02
 5.51774330e-02]"
160	True	13.523728847503662	26.879642645752647	0.027086423849088187	0.01693187600309135	0.00037419138510281315	0.07909748730874121	0.0008338339363663258	`xtol` termination condition is satisfied.	[0.02708642 0.01693188 0.00037419 0.07909749 0.00083383]	"[3.06202048e+00 7.17780815e-04 5.35035455e-04 2.45068785e-03
 3.37771844e+00]"
116	True	13.308308601379395	26.906840905155907	0.12553244198450123	0.08107664227492467	0.0013337819154201527	0.032779934351108944	0.00011580816269348854	`xtol` termination condition is satisfied.	"[1.25532442e-01 8.10766423e-02 1.33378192e-03 3.27799344e-02
 1.15808163e-04]"	"[3.68660284e+01 1.09501468e-02 1.21124162e-04 8.98650264e-01
 5.74363212e-05]"
77	True	16.296608209609985	26.94881983394833	0.03716871745027194	0.023519489442474163	0.0005631436453053343	0.1322833371971033	0.0007998294656029122	`xtol` termination condition is satisfied.	[0.03716872 0.02351949 0.00056314 0.13228334 0.00079983]	"[1.40337419e+01 4.71789766e-03 4.68300907e-04 4.20743902e+02
 1.06025324e-03]"
72	True	19.116353511810303	26.968551458527767	0.028893972001300568	0.01813410023068336	0.00036449812459188693	0.07840255312095121	0.000910594808297167	`xtol` termination condition is satisfied.	[0.02889397 0.0181341  0.0003645  0.07840255 0.00091059]	[0.02419628 0.00920488 0.03891487 0.33775975 0.99637137]
65	True	9.721618413925171	26.97104583619918	0.029671799851431348	0.018623156009623554	0.0003713882707457843	0.08046173510874674	0.000903579173013061	`xtol` termination condition is satisfied.	[0.0296718  0.01862316 0.00037139 0.08046174 0.00090358]	[0.00441324 0.07690772 0.00202233 0.6976764  0.04977534]
234	True	13.169337749481201	26.971118119242412	0.0283427960435493	0.01775309214802216	0.0003558895087266123	0.07431875929704208	0.0008567608796033144	`xtol` termination condition is satisfied.	[0.0283428  0.01775309 0.00035589 0.07431876 0.00085676]	"[2.59764356e+00 2.26249057e-03 5.59296178e-04 1.15618306e-04
 8.61348901e-02]"
2	True	10.507368564605713	26.974697609271114	0.019738465258797258	0.012121683906396145	0.014574531887634343	0.7842207031646394	0.00011582640611737348	`xtol` termination condition is satisfied.	"[1.97384653e-02 1.21216839e-02 1.45745319e-02 7.84220703e-01
 1.15826406e-04]"	"[2.75762179e-05 2.42815617e-04 1.26009248e-01 1.91836387e+00
 1.33110740e-04]"
45	True	11.317556858062744	27.01757535205951	0.030250843411697776	0.018992155316792905	0.00035921894158328987	0.07616915305960836	0.0008782687524878791	`xtol` termination condition is satisfied.	[0.03025084 0.01899216 0.00035922 0.07616915 0.00087827]	[0.00888451 0.00045734 0.40645344 0.00977122 0.00301308]
242	True	16.11237335205078	27.039403395456713	0.021966246747023355	0.013589162714188266	0.01686013270866928	0.9127180478508857	0.0001155986940392153	`xtol` termination condition is satisfied.	"[2.19662467e-02 1.35891627e-02 1.68601327e-02 9.12718048e-01
 1.15598694e-04]"	[0.00034274 0.00042735 0.00307801 0.01318207 0.00016581]
175	True	11.113879442214966	27.05703653412877	0.026701573547228647	0.01668319086858713	0.003027451022892439	0.8573563475185448	0.0006511657102511926	`xtol` termination condition is satisfied.	"[2.67015735e-02 1.66831909e-02 3.02745102e-03 8.57356348e-01
 6.51165710e-04]"	"[2.79483899e-04 2.59687299e-02 9.31532593e-02 2.17892861e-01
 4.08773257e+00]"
135	True	15.05021071434021	27.06241568286165	0.04162288184293968	0.02642761755329765	0.0005412310917779659	0.1259689100377229	0.000803689961736956	`xtol` termination condition is satisfied.	[0.04162288 0.02642762 0.00054123 0.12596891 0.00080369]	[0.03399522 0.04942687 0.00040594 0.00030747 0.0435316 ]
147	True	12.148670434951782	27.071648489080243	0.0222037879340446	0.013736795054074444	0.006389901203435893	1.8881058562031177	0.0006563327238425944	`xtol` termination condition is satisfied.	"[2.22037879e-02 1.37367951e-02 6.38990120e-03 1.88810586e+00
 6.56332724e-04]"	"[2.43940627e-03 1.49007182e-02 8.15227833e-03 3.24538923e+01
 2.94881575e+00]"
155	True	12.328135251998901	27.075123198634778	0.02336004210324723	0.014504512120106427	0.0169015505144805	0.9167654997780837	0.00011559587305871184	`xtol` termination condition is satisfied.	"[2.33600421e-02 1.45045121e-02 1.69015505e-02 9.16765500e-01
 1.15595873e-04]"	"[3.27766453e-01 1.68245404e-04 2.32288885e-02 2.48366069e-01
 3.31552192e-05]"
75	True	7.366984605789185	27.098146620759135	0.02195440980436025	0.013570691377428366	0.010014839149793793	2.908494217481333	0.0006084355839312124	`xtol` termination condition is satisfied.	"[2.19544098e-02 1.35706914e-02 1.00148391e-02 2.90849422e+00
 6.08435584e-04]"	[0.00163914 0.06725677 0.08431693 1.24125093 0.02360682]
199	True	14.485954284667969	27.098508174902868	0.025265857814861584	0.01573680902808531	0.014004657301223732	0.7966442887659512	0.00011857358687679552	`xtol` termination condition is satisfied.	"[2.52658578e-02 1.57368090e-02 1.40046573e-02 7.96644289e-01
 1.18573587e-04]"	"[2.68547128e+01 9.23631538e-04 1.87531364e-02 1.18500884e-04
 1.03779203e-03]"
136	True	11.197869539260864	27.101674011212683	0.021682599460933222	0.013396556661102404	0.030449101110599536	1.6599235043533331	0.00011493226209192113	`xtol` termination condition is satisfied.	"[2.16825995e-02 1.33965567e-02 3.04491011e-02 1.65992350e+00
 1.14932262e-04]"	"[5.42289733e-04 1.05310527e-02 7.45036370e-01 9.85155908e+01
 3.96600873e-01]"
225	True	13.492673873901367	27.107859397855353	0.01887584876931256	0.011549489774584351	0.02998025065073842	8.671734865005966	0.0005895276295305649	`xtol` termination condition is satisfied.	"[1.88758488e-02 1.15494898e-02 2.99802507e-02 8.67173487e+00
 5.89527630e-04]"	"[1.97919794e-05 1.01308260e-03 1.45172946e-02 7.89063729e+00
 1.27135141e-01]"
188	True	11.033424377441406	27.111546463767397	0.019723469450621183	0.012107631244102185	0.05478357792155197	2.947921616721422	0.00011388130067907618	`xtol` termination condition is satisfied.	"[1.97234695e-02 1.21076312e-02 5.47835779e-02 2.94792162e+00
 1.13881301e-04]"	"[2.37047365e-05 6.17460842e-03 1.02826331e-01 9.78792191e-02
 3.25285970e-01]"
111	True	11.801712036132812	27.11546535423399	0.02120279450189987	0.013084177854540987	0.011947107487133657	3.5813842428367586	0.0006557513129722384	`xtol` termination condition is satisfied.	"[2.12027945e-02 1.30841779e-02 1.19471075e-02 3.58138424e+00
 6.55751313e-04]"	"[8.68389021e-05 5.25090963e-03 4.80400365e-02 1.05618054e-01
 2.37875729e+00]"
151	True	8.87119722366333	27.118804126403386	0.02127632141164648	0.01314330445106706	0.04467042736173257	2.454708456015566	0.00011520414627547602	`xtol` termination condition is satisfied.	"[2.12763214e-02 1.31433045e-02 4.46704274e-02 2.45470846e+00
 1.15204146e-04]"	"[9.63521718e-01 4.86950374e-04 3.88411383e-02 1.60939227e+00
 1.99017247e-04]"
224	True	9.474040985107422	27.120214542952127	0.019169887407459636	0.011747278186568491	0.04564358169403633	13.185981718391703	0.0005850011072988326	`xtol` termination condition is satisfied.	"[1.91698874e-02 1.17472782e-02 4.56435817e-02 1.31859817e+01
 5.85001107e-04]"	"[1.12679548e+00 5.55564395e-04 4.26559158e-03 2.22736705e+03
 1.16590249e-01]"
248	True	10.02995491027832	27.122125966955753	0.021614291153937162	0.013350391184164345	0.03822346825930679	2.0532117931363363	0.00011404827482960549	`xtol` termination condition is satisfied.	"[2.16142912e-02 1.33503912e-02 3.82234683e-02 2.05321179e+00
 1.14048275e-04]"	"[7.94974176e-04 2.41984883e-02 7.10713311e+00 7.75018682e-04
 1.56821123e-03]"
48	True	14.085188150405884	27.12547821014014	0.02314011183686795	0.01435956704236171	0.025396530287849422	1.353002583320792	0.00011416442559859089	`xtol` termination condition is satisfied.	"[2.31401118e-02 1.43595670e-02 2.53965303e-02 1.35300258e+00
 1.14164426e-04]"	"[1.46976636e-04 1.95274738e-04 3.53582566e-01 1.27815046e-03
 2.29967808e-03]"
210	True	13.945260047912598	27.12768619083194	0.018110998675517433	0.011047301629071202	0.14627660861111577	8.224929285662851	0.00011613233504402264	`xtol` termination condition is satisfied.	"[1.81109987e-02 1.10473016e-02 1.46276609e-01 8.22492929e+00
 1.16132335e-04]"	"[1.32081875e-01 2.58090632e-04 1.68869508e+00 6.99381221e-02
 4.00041714e-05]"
233	True	13.759653806686401	27.128875368292302	0.01932831475000371	0.011853719058584497	0.05946859213907671	17.498292869762068	0.0006071843702616872	`xtol` termination condition is satisfied.	"[1.93283148e-02 1.18537191e-02 5.94685921e-02 1.74982929e+01
 6.07184370e-04]"	"[2.70161154e-03 1.77918115e-04 1.21705616e+00 2.42685206e+00
 4.07535295e-04]"
64	True	13.865216732025146	27.131088145879037	0.04392099538228711	0.027927545805829675	0.0005134812621548996	0.12028198014704147	0.0008238946355776703	`xtol` termination condition is satisfied.	[0.043921   0.02792755 0.00051348 0.12028198 0.00082389]	"[1.74088964e+00 1.38352119e-02 5.87518079e-04 1.52858645e+02
 4.76640834e-03]"
24	True	12.354302406311035	27.13269389726858	0.021628811295999723	0.013379003411727552	0.04673147392415677	2.5532836455033805	0.00011469369574350505	`xtol` termination condition is satisfied.	"[2.16288113e-02 1.33790034e-02 4.67314739e-02 2.55328365e+00
 1.14693696e-04]"	"[1.23985461e-03 3.47554839e-03 2.51119562e+00 3.62259091e+03
 2.57989231e+00]"
97	True	12.372742176055908	27.134550500163297	0.023757938615787795	0.014752092981696217	0.022781625894848195	1.1946147030606802	0.00011352403878031928	`xtol` termination condition is satisfied.	"[2.37579386e-02 1.47520930e-02 2.27816259e-02 1.19461470e+00
 1.13524039e-04]"	"[1.01946564e-04 1.85538024e-03 2.69829336e-01 3.85515877e-01
 7.15022881e-04]"
20	True	13.024280071258545	27.13487014919118	0.02246178643791847	0.013917171626670808	0.03484164358270795	1.876879272830702	0.00011426650500185191	`xtol` termination condition is satisfied.	"[2.24617864e-02 1.39171716e-02 3.48416436e-02 1.87687927e+00
 1.14266505e-04]"	"[1.84100412e-03 1.05450917e-04 2.48605835e-02 1.10948722e-02
 3.20879538e-05]"
82	True	13.843748569488525	27.13631215617114	0.019465746667609068	0.011940569441335206	0.12052054873338136	35.307517308671855	0.0005978219987890598	`xtol` termination condition is satisfied.	"[1.94657467e-02 1.19405694e-02 1.20520549e-01 3.53075173e+01
 5.97821999e-04]"	"[2.15492592e-03 6.65377252e-03 1.47261203e-02 2.18039504e+03
 3.23773813e-05]"
227	True	11.251156091690063	27.139282523651087	0.02056839157223562	0.012660469210163363	0.07408044574803466	3.9718796181770117	0.00011342372677346089	`xtol` termination condition is satisfied.	"[2.05683916e-02 1.26604692e-02 7.40804457e-02 3.97187962e+00
 1.13423727e-04]"	[0.00430024 0.00723837 0.4187159  0.70262406 0.00076512]
220	True	11.266173124313354	27.139376571868077	0.023457351413874887	0.014557799138383724	0.01048424717895029	3.0263447512185437	0.0005967650025250732	`xtol` termination condition is satisfied.	"[2.34573514e-02 1.45577991e-02 1.04842472e-02 3.02634475e+00
 5.96765003e-04]"	"[1.92570935e-02 1.56097857e-03 6.41085457e-04 2.40694592e+03
 1.65335160e-02]"
63	True	10.410893201828003	27.14664794561385	0.020896624904164093	0.012877992988467387	0.052215608385990396	15.34897126668124	0.0006011632970721798	`xtol` termination condition is satisfied.	"[2.08966249e-02 1.28779930e-02 5.22156084e-02 1.53489713e+01
 6.01163297e-04]"	"[8.69439244e-02 4.04496493e-03 9.37416076e-03 6.86186691e+02
 1.37564833e-03]"
165	True	12.319260120391846	27.152221714261795	0.019851556930084974	0.012192801999117995	3.1385539490395553	936.8334498098795	0.0006163784130772537	`xtol` termination condition is satisfied.	"[1.98515569e-02 1.21928020e-02 3.13855395e+00 9.36833450e+02
 6.16378413e-04]"	"[8.38232807e-03 1.24236040e-04 6.04100647e-01 7.95900007e+03
 6.73294570e-05]"
93	True	9.398092269897461	27.156471545545585	0.027048252324979666	0.016906512181786383	0.014064649452116933	0.7583001871556871	0.00011560052327257812	`xtol` termination condition is satisfied.	"[2.70482523e-02 1.69065122e-02 1.40646495e-02 7.58300187e-01
 1.15600523e-04]"	"[1.47265113e-02 2.48412052e-02 1.85214850e+00 6.16757085e+02
 8.27112187e-05]"
180	True	13.819418907165527	27.156698166915078	0.020266476782919502	0.012465394539158474	0.36243945179431813	19.951899296811312	0.00011438867935323583	`xtol` termination condition is satisfied.	"[2.02664768e-02 1.24653945e-02 3.62439452e-01 1.99518993e+01
 1.14388679e-04]"	"[4.47522636e-05 1.63631789e-01 9.94151368e-01 2.64222354e+01
 1.69406264e-05]"
222	True	11.636678218841553	27.168113846698017	0.024366079133811763	0.015149667079770205	0.00909639041460745	2.7019909071063823	0.0006478555428868459	`xtol` termination condition is satisfied.	"[2.43660791e-02 1.51496671e-02 9.09639041e-03 2.70199091e+00
 6.47855543e-04]"	"[2.46482888e-01 1.18294164e-03 1.59870610e-03 3.59330354e+02
 3.43271253e-04]"
88	True	14.33203649520874	27.173117656702175	0.02425376710856225	0.015074400561206633	0.012279897458002705	3.4886738566424125	0.0005747540489671858	`ftol` termination condition is satisfied.	"[2.42537671e-02 1.50744006e-02 1.22798975e-02 3.48867386e+00
 5.74754049e-04]"	"[1.09322998e+00 2.88649859e-04 1.55747171e-04 3.60044217e+03
 7.60529790e-03]"
9	True	11.026549816131592	27.17590879383145	0.022687409167737992	0.014057304560488435	0.05708440792979019	3.0420425873664385	0.00011322014525772423	`xtol` termination condition is satisfied.	"[2.26874092e-02 1.40573046e-02 5.70844079e-02 3.04204259e+00
 1.13220145e-04]"	[0.01465195 0.00069069 0.33255673 0.00128861 0.00052847]
12	True	11.057743549346924	27.176553453598054	0.022884673826485943	0.014188086013382627	0.026823206633999706	7.701652467202632	0.0005737668289494736	`xtol` termination condition is satisfied.	"[2.28846738e-02 1.41880860e-02 2.68232066e-02 7.70165247e+00
 5.73766829e-04]"	"[5.10353773e-05 2.48718041e-03 4.17675005e+00 5.95103177e+03
 4.37915871e+00]"
153	True	13.007130146026611	27.188040905468227	0.02183222469405719	0.013490306007524749	2.6936961037208507	805.4214819970504	0.000612869848734329	`xtol` termination condition is satisfied.	"[2.18322247e-02 1.34903060e-02 2.69369610e+00 8.05421482e+02
 6.12869849e-04]"	"[3.06934682e-05 2.45302737e-02 1.54684508e+00 4.18644970e+01
 2.97640752e-01]"
142	True	12.190561532974243	27.189064816860114	0.020782404104363873	0.012808336371876831	9.984878030662271	3069.8878111398985	0.0006591710832085452	`xtol` termination condition is satisfied.	"[2.07824041e-02 1.28083364e-02 9.98487803e+00 3.06988781e+03
 6.59171083e-04]"	"[1.33486222e-03 6.39145142e-03 6.83967423e+00 5.11114441e+03
 1.03101628e-03]"
237	True	11.028860807418823	27.189169831457942	0.022877636910322827	0.014183219372970105	0.044093817980829134	12.774577268002577	0.000583249665240171	`xtol` termination condition is satisfied.	"[2.28776369e-02 1.41832194e-02 4.40938180e-02 1.27745773e+01
 5.83249665e-04]"	"[4.91696805e-05 9.42108400e-02 2.51424059e-02 7.25151195e+03
 4.80194702e-02]"
154	True	13.853713750839233	27.194989001555268	0.020926870941646258	0.012923018899934588	9.937798840292349	3060.9497823912925	0.0006623344059007429	`xtol` termination condition is satisfied.	"[2.09268709e-02 1.29230189e-02 9.93779884e+00 3.06094978e+03
 6.62334406e-04]"	[0.00075357 0.00187791 0.15041413 0.0008306  0.12875789]
128	True	13.085782766342163	27.204330990509565	0.023550787275842408	0.014616756318421525	0.03932775963109404	11.34014276835201	0.0005771249348549099	`xtol` termination condition is satisfied.	"[2.35507873e-02 1.46167563e-02 3.93277596e-02 1.13401428e+01
 5.77124935e-04]"	"[1.00364958e+00 3.13116588e-04 1.90270514e-01 8.86628085e+00
 7.21260448e+00]"
198	True	9.872217893600464	27.210173983827616	0.023636773443604674	0.014677128670674377	0.08632914366998334	4.744529838568482	0.00011448598805424278	`xtol` termination condition is satisfied.	"[2.36367734e-02 1.46771287e-02 8.63291437e-02 4.74452984e+00
 1.14485988e-04]"	"[5.62164744e-03 2.91342324e-03 3.15415949e-01 1.04614273e+03
 2.31419107e-02]"
90	True	30.20509171485901	27.213252180049842	0.028205344897813494	0.017663769324245397	0.015894758777077956	0.8616635971472647	0.00011563644279018099	Both `ftol` and `xtol` termination conditions are satisfied.	"[2.82053449e-02 1.76637693e-02 1.58947588e-02 8.61663597e-01
 1.15636443e-04]"	"[9.04136942e-03 3.74540200e-01 8.31042052e+00 1.10176205e-02
 4.26526077e-04]"
112	True	13.105371236801147	27.214333585691904	0.02220871387381775	0.013742771373476521	0.17247789584220494	52.749198921555475	0.0006594716157852843	`xtol` termination condition is satisfied.	"[2.22087139e-02 1.37427714e-02 1.72477896e-01 5.27491989e+01
 6.59471616e-04]"	"[4.55100934e-05 1.24948350e-03 2.30177651e-01 1.69065879e+01
 1.61649300e-03]"
219	True	11.359471797943115	27.219198735909035	0.026047961648533336	0.01625083211701576	0.010138251535680067	2.977044868299715	0.0006220572580271059	`xtol` termination condition is satisfied.	"[2.60479616e-02 1.62508321e-02 1.01382515e-02 2.97704487e+00
 6.22057258e-04]"	"[1.74784677e-05 2.27720154e-01 1.51229762e-02 2.86350836e+01
 1.77484115e-04]"
0	True	10.270673990249634	27.221276326042137	0.023829299491239696	0.0148103875008739	0.029381348637287395	8.829508113352976	0.0006417588351531341	`xtol` termination condition is satisfied.	"[2.38292995e-02 1.48103875e-02 2.93813486e-02 8.82950811e+00
 6.41758835e-04]"	"[1.13835654e-01 1.15576567e-03 6.38458485e-02 4.13290739e+00
 4.67282284e-02]"
37	True	11.156903743743896	27.2215125803957	0.022619363238498783	0.014033946316067102	1.8963473949189271	576.7194665042762	0.000642892453857198	`xtol` termination condition is satisfied.	"[2.26193632e-02 1.40339463e-02 1.89634739e+00 5.76719467e+02
 6.42892454e-04]"	"[6.05485450e-03 2.88590899e-04 2.88287287e+00 6.26652182e-01
 1.26645704e-03]"
148	True	13.436807632446289	27.22186168261564	0.023836780916070294	0.014821760101054564	0.10689713394540588	5.88029622278739	0.00011441337135866457	`xtol` termination condition is satisfied.	"[2.38367809e-02 1.48217601e-02 1.06897134e-01 5.88029622e+00
 1.14413371e-04]"	"[3.44136899e-05 1.69447687e-01 3.67388701e-02 1.18769196e-04
 2.28191538e-03]"
150	True	8.023256540298462	27.227266884163942	0.023835195140861284	0.014818424055436036	0.14089448900019422	7.785612595638399	0.00011449749239942391	`xtol` termination condition is satisfied.	"[2.38351951e-02 1.48184241e-02 1.40894489e-01 7.78561260e+00
 1.14497492e-04]"	"[1.54398528e+01 3.73738565e-04 1.71489102e-01 2.79501411e+02
 1.58311109e-05]"
52	True	12.803751707077026	27.227546348752156	0.04234135308102928	0.02689578526128824	0.0003986522001928524	0.08626135230264764	0.0008352518302541941	`xtol` termination condition is satisfied.	[0.04234135 0.02689579 0.00039865 0.08626135 0.00083525]	"[6.51603025e+01 1.71982833e-03 2.08340326e-04 5.43175408e-03
 1.46066317e-03]"
145	True	14.737619638442993	27.227631586637504	0.024445202398522305	0.015203961476633967	0.09122150462991233	5.3823961989320726	0.00011770311831717079	`xtol` termination condition is satisfied.	"[2.44452024e-02 1.52039615e-02 9.12215046e-02 5.38239620e+00
 1.17703118e-04]"	"[7.32807659e+00 2.11331476e-04 4.59345760e-02 9.27614538e-02
 3.42882949e-03]"
32	True	11.538408994674683	27.227894952969642	0.022844719482824693	0.014179536560732566	0.505822383806945	153.6731417781521	0.0006449612296241215	`xtol` termination condition is satisfied.	"[2.28447195e-02 1.41795366e-02 5.05822384e-01 1.53673142e+02
 6.44961230e-04]"	"[1.82782509e-03 9.31071010e-04 9.81943912e-02 6.83491813e+01
 3.08555621e-01]"
34	True	15.918740272521973	27.228086975620954	0.022489919006125476	0.013923074620763452	9.997896234978825	3075.347647154461	0.000659041743939412	`xtol` termination condition is satisfied.	"[2.24899190e-02 1.39230746e-02 9.99789623e+00 3.07534765e+03
 6.59041744e-04]"	"[9.63119446e-04 4.33541536e-04 1.90590791e-01 2.63554461e-01
 3.20398958e+00]"
241	True	13.679227590560913	27.229420624398237	0.028898030274480322	0.018103035441296635	0.015547086967779998	0.850078705258317	0.00011625944303150425	`xtol` termination condition is satisfied.	"[2.88980303e-02 1.81030354e-02 1.55470870e-02 8.50078705e-01
 1.16259443e-04]"	"[1.04512368e-05 1.66146383e-02 5.53188253e-02 3.79894568e-04
 2.11309457e-05]"
30	True	12.265324831008911	27.235617966065842	0.023445166748268388	0.014552132194867003	0.20824019795980067	62.82677577014471	0.0006370149419439656	`xtol` termination condition is satisfied.	"[2.34451667e-02 1.45521322e-02 2.08240198e-01 6.28267758e+01
 6.37014942e-04]"	"[3.79185012e+00 5.95895783e-01 1.28630312e-02 4.27938619e+03
 2.18296643e-05]"
74	True	9.255712747573853	27.237038973194878	0.02937700985806206	0.01843150907789945	0.014816328880287387	0.8039982685750966	0.00011588290579622284	`xtol` termination condition is satisfied.	"[2.93770099e-02 1.84315091e-02 1.48163289e-02 8.03998269e-01
 1.15882906e-04]"	"[2.54483982e+00 2.68952070e-03 9.52983480e-02 1.48229355e+01
 7.72622872e-05]"
215	True	12.650397777557373	27.23885985337109	0.02322248232208879	0.014433360758718823	0.5424988324251172	164.95265191107612	0.000645680744164478	`xtol` termination condition is satisfied.	"[2.32224823e-02 1.44333608e-02 5.42498832e-01 1.64952652e+02
 6.45680744e-04]"	"[5.68306284e-05 7.01038763e-03 3.12471092e+00 8.54635984e+02
 1.08597300e-03]"
71	True	15.073058366775513	27.24002676936978	0.023275955824932217	0.014458597106169884	1.4932929223162796	454.2482853208286	0.0006439063947856281	`xtol` termination condition is satisfied.	"[2.32759558e-02 1.44585971e-02 1.49329292e+00 4.54248285e+02
 6.43906395e-04]"	"[1.68297048e-05 2.87831862e-04 1.16878945e+00 1.14031268e+01
 3.85456627e-04]"
67	True	13.340202808380127	27.242690462134224	0.026674941969218005	0.016662887736557486	0.011475732633534358	3.315567501570834	0.0005989609353319058	`xtol` termination condition is satisfied.	"[2.66749420e-02 1.66628877e-02 1.14757326e-02 3.31556750e+00
 5.98960935e-04]"	"[3.27794377e-05 1.87109414e-01 2.79388481e-04 8.23309728e+03
 9.41312546e-03]"
49	True	20.443375825881958	27.252255890809895	0.028715733911530223	0.018000165104931493	0.018434663873008066	0.9999858000072369	0.00011552985964793554	`ftol` termination condition is satisfied.	"[2.87157339e-02 1.80001651e-02 1.84346639e-02 9.99985800e-01
 1.15529860e-04]"	"[9.83781366e+01 3.27695036e-03 2.72198945e-03 7.02357769e+03
 9.23899926e-01]"
149	True	101.53748393058777	27.25333489995947	0.8918304595900197	0.5793893300382394	0.0012681789593875048	0.029347310145000322	0.00011582554624021758	Both `ftol` and `xtol` termination conditions are satisfied.	"[8.91830460e-01 5.79389330e-01 1.26817896e-03 2.93473101e-02
 1.15825546e-04]"	"[1.41466613e+01 6.34274268e-02 3.97049487e-03 1.50334746e-03
 1.01312217e-04]"
33	True	15.834148645401001	27.25485729058405	0.023536436231459252	0.014622496813803579	8.676292365867475	2663.001464548065	0.0006549135887629259	`xtol` termination condition is satisfied.	"[2.35364362e-02 1.46224968e-02 8.67629237e+00 2.66300146e+03
 6.54913589e-04]"	"[8.39547489e-04 5.34634944e-03 1.28996211e+00 2.62531807e-03
 6.33478389e-02]"
193	True	10.051016330718994	27.269053348373262	0.02496197721217595	0.01554190010957855	0.20684699610326077	11.333151918799956	0.00011398375053044348	`xtol` termination condition is satisfied.	"[2.49619772e-02 1.55419001e-02 2.06846996e-01 1.13331519e+01
 1.13983751e-04]"	"[5.18325317e-01 2.40447275e-03 5.65829366e+00 1.22859394e+02
 4.64703126e-05]"
243	True	15.2962486743927	27.26984037923368	0.029540359085481204	0.01853797912993034	0.017473411938861056	0.9526447281228446	0.00011564003818332399	`xtol` termination condition is satisfied.	"[2.95403591e-02 1.85379791e-02 1.74734119e-02 9.52644728e-01
 1.15640038e-04]"	"[6.97261934e-03 1.12997610e-01 2.78211147e-04 6.27839609e-01
 3.42502803e+00]"
76	True	11.899087905883789	27.296892022902394	0.025596226832691762	0.015964838510808287	0.1197441138496509	36.15374203846461	0.0006387409545143853	`xtol` termination condition is satisfied.	"[2.55962268e-02 1.59648385e-02 1.19744114e-01 3.61537420e+01
 6.38740955e-04]"	"[5.25959712e-02 2.03083375e-03 8.62843241e-01 2.79877751e+01
 2.25826890e-01]"
162	True	10.492836236953735	27.31420695270809	0.02607300310199918	0.016299482097717456	0.8705803102415932	48.36348966994658	0.00011386400785860968	`xtol` termination condition is satisfied.	"[2.60730031e-02 1.62994821e-02 8.70580310e-01 4.83634897e+01
 1.13864008e-04]"	"[1.77873063e-04 9.41895710e-01 5.19121152e+00 5.41985078e-01
 5.70618749e-04]"
171	True	16.057697534561157	27.3150744539332	0.026799529805566383	0.016745245582522772	0.12325425493871522	6.80996147275246	0.000114486979597773	`xtol` termination condition is satisfied.	"[2.67995298e-02 1.67452456e-02 1.23254255e-01 6.80996147e+00
 1.14486980e-04]"	"[3.79827392e-04 1.17975563e-02 1.97051021e-04 6.41559699e+02
 1.36354262e-04]"
182	True	10.739358901977539	27.323659267588123	0.027329946603516255	0.017092060244837153	0.04330552951886836	12.724057112240118	0.0005994299694084321	`xtol` termination condition is satisfied.	"[2.73299466e-02 1.70920602e-02 4.33055295e-02 1.27240571e+01
 5.99429969e-04]"	"[5.91086472e-02 1.41490941e-02 6.75272071e-03 1.12812352e+03
 8.87099212e-02]"
87	True	13.095844030380249	27.324536213079398	0.02744554405899121	0.01716176862881667	0.036956343438973735	10.87490412977016	0.0006026705017191801	`xtol` termination condition is satisfied.	"[2.74455441e-02 1.71617686e-02 3.69563434e-02 1.08749041e+01
 6.02670502e-04]"	"[3.90094156e+01 5.73963236e-04 5.05366708e-03 8.72803648e+00
 8.71936024e+00]"
173	True	10.845499038696289	27.35171655990068	0.04360807464134208	0.027721921269452637	0.00036101024005717497	0.07609641428439003	0.0008624608649542357	`xtol` termination condition is satisfied.	[0.04360807 0.02772192 0.00036101 0.07609641 0.00086246]	"[3.55836426e+01 2.24898137e-03 1.22337669e-04 1.05078531e-02
 2.94428092e-03]"
120	True	19.87597393989563	27.355388195566164	0.026877814821366693	0.016795755638935317	9.999999999990925	3068.766572946669	0.0006531366513706753	`xtol` termination condition is satisfied.	"[2.68778148e-02 1.67957556e-02 1.00000000e+01 3.06876657e+03
 6.53136651e-04]"	"[6.69637896e-03 3.35219354e-02 7.11865977e-04 6.68668367e+03
 2.14639140e-02]"
186	True	15.079245805740356	27.358038167879133	0.027049657740550372	0.016895011679154873	8.98853820559918	2756.176431617349	0.0006498081056833882	`xtol` termination condition is satisfied.	"[2.70496577e-02 1.68950117e-02 8.98853821e+00 2.75617643e+03
 6.49808106e-04]"	"[1.41300018e-02 5.64535568e-02 2.41407640e+00 4.24998493e+02
 2.02580457e-03]"
152	True	16.11041784286499	27.481666208331706	0.0692420954697758	0.04443438189070914	0.0005725610409531694	0.13549823935720415	0.0007966963108075228	`xtol` termination condition is satisfied.	[0.0692421  0.04443438 0.00057256 0.13549824 0.0007967 ]	"[1.18472848e-01 4.60418865e-02 1.72888537e-03 1.38566686e+01
 1.53806333e+00]"
113	True	10.616763591766357	27.584867414387325	0.08011495335228604	0.05151877211699083	0.0005579055188013103	0.13254294733000357	0.0008034538344339684	`xtol` termination condition is satisfied.	[0.08011495 0.05151877 0.00055791 0.13254295 0.00080345]	"[1.31703578e+01 1.44859369e-02 3.66695429e-02 2.49805689e+02
 4.34091724e+00]"
42	True	8.570308923721313	27.599748957184346	0.0837437957889772	0.05388299715805766	0.0006335721036125502	0.15220765193538138	0.0007745879512155168	`xtol` termination condition is satisfied.	[0.0837438  0.053883   0.00063357 0.15220765 0.00077459]	"[2.46304320e+01 1.04585535e-02 1.45908043e-03 7.60412685e-01
 7.44827153e-04]"
168	True	12.289918661117554	27.760069310568493	0.11079997514660259	0.07150112514587076	0.0007028052096791348	0.17176388058024983	0.0007571817887329208	`xtol` termination condition is satisfied.	[0.11079998 0.07150113 0.00070281 0.17176388 0.00075718]	[0.03569897 0.14830784 1.67531749 1.17802082 0.00462551]
172	True	15.395066022872925	27.7937358894716	0.08629718642441397	0.055543370470214105	0.0003919162218657529	0.08487784160264765	0.0008439812297631843	`xtol` termination condition is satisfied.	[0.08629719 0.05554337 0.00039192 0.08487784 0.00084398]	[0.00237968 0.10787935 0.06356492 0.0948893  0.00117304]
43	True	6.880522966384888	27.8917801783354	0.1513303540256885	0.09790236994603574	0.0005880670451370695	0.14087743511614356	0.0007903507144775432	`xtol` termination condition is satisfied.	[0.15133035 0.09790237 0.00058807 0.14087744 0.00079035]	"[1.82104994e+00 3.91530422e-02 1.14042325e-04 3.07072548e+00
 4.74963283e-03]"
66	True	11.488645792007446	27.942321213844448	0.18200256933114173	0.11784164230241134	0.0006216267984217041	0.1478398775844888	0.0007490994894563022	`xtol` termination condition is satisfied.	[0.18200257 0.11784164 0.00062163 0.14783988 0.0007491 ]	"[5.80189133e-01 5.50191305e-02 1.34795481e-04 2.53305297e+00
 3.21322992e-02]"
21	True	8.972439050674438	28.001915873265528	0.21652968385419047	0.14032292112992514	0.0005967419251875135	0.14249688301759122	0.0007857016477932818	`xtol` termination condition is satisfied.	[0.21652968 0.14032292 0.00059674 0.14249688 0.0007857 ]	"[1.44332049e+01 3.46714718e-02 3.45913514e-03 5.22760175e-01
 6.24201716e-03]"
158	True	10.778410911560059	28.045145286089312	0.06007002322778013	0.03846019475253323	0.03181770678808777	9.414560680667488	0.0006114245859624127	`xtol` termination condition is satisfied.	"[6.00700232e-02 3.84601948e-02 3.18177068e-02 9.41456068e+00
 6.11424586e-04]"	"[4.65026731e+00 3.20002926e-01 1.35914717e-02 7.54846957e+01
 4.28082489e-02]"
139	True	13.06758713722229	28.110318130682483	0.06510743192820731	0.04174080734936204	0.03983801908054937	11.666068318643841	0.0005931246052919705	`xtol` termination condition is satisfied.	"[6.51074319e-02 4.17408073e-02 3.98380191e-02 1.16660683e+01
 5.93124605e-04]"	"[1.12575094e-04 6.02391781e-01 2.62033001e-01 4.44197432e+00
 3.60050297e-02]"
35	True	9.542867422103882	28.11545235081452	0.07782392029872652	0.0499997485380643	0.017557556343045327	0.9648415588518988	0.0001154281908223053	`xtol` termination condition is satisfied.	"[7.78239203e-02 4.99997485e-02 1.75575563e-02 9.64841559e-01
 1.15428191e-04]"	"[1.92180414e-02 1.87091510e-01 5.12952522e-02 2.75759353e+01
 6.95386276e-05]"
177	True	12.714376211166382	28.12183969810725	0.38327608060469714	0.24880744265699295	0.0005948061345342145	0.14254104273965035	0.0007897407909751498	`xtol` termination condition is satisfied.	[0.38327608 0.24880744 0.00059481 0.14254104 0.00078974]	"[1.42500193e+00 4.47645424e-02 1.24891685e-04 1.09276247e+01
 1.72647765e+00]"
23	True	13.3254075050354	28.12222009975759	0.3757931467567607	0.24399178435698576	0.0007179785578861523	0.17592486555503306	0.0007511837967507011	Both `ftol` and `xtol` termination conditions are satisfied.	[0.37579315 0.24399178 0.00071798 0.17592487 0.00075118]	[ 0.41177661  0.09038306  0.02849889 11.62860002  0.0257376 ]
27	True	16.375231504440308	28.219647699286426	1.03920204780843	0.6764742289819137	0.0005840175697292074	0.13923754292259014	0.0007905214289835623	`xtol` termination condition is satisfied.	"[1.03920205e+00 6.76474229e-01 5.84017570e-04 1.39237543e-01
 7.90521429e-04]"	[37.46774997  0.10970438  0.15477296 15.42966841  0.17693172]
230	True	12.511955499649048	28.22218468979512	1.1612125342310988	0.755975365386097	0.0006147518239612307	0.1473076539074136	0.0007814616940711292	`xtol` termination condition is satisfied.	"[1.16121253e+00 7.55975365e-01 6.14751824e-04 1.47307654e-01
 7.81461694e-04]"	"[3.36608669e+01 4.05440748e-01 2.05968158e-04 6.65318740e+02
 4.68483680e-05]"
196	True	8.64004135131836	28.240888440521186	0.9993075399005322	0.6493880921259074	0.0005181282540567756	0.12193523952578288	0.000815942450825081	`xtol` termination condition is satisfied.	"[9.99307540e-01 6.49388092e-01 5.18128254e-04 1.21935240e-01
 8.15942451e-04]"	"[6.69446872e-01 8.59526745e-01 1.10181115e-03 3.78833400e-03
 3.01908693e-05]"
100	True	9.038269996643066	28.31759855542144	0.09292761684893362	0.05987080377949839	0.04391473533693051	2.4163649940093803	0.00011443925351233842	`xtol` termination condition is satisfied.	"[9.29276168e-02 5.98708038e-02 4.39147353e-02 2.41636499e+00
 1.14439254e-04]"	"[1.61157127e-02 2.77739479e-01 7.42636344e-02 2.18484323e-03
 3.09643845e-05]"
140	True	8.226069688796997	28.32559529889015	0.1165759018144598	0.07528081057490398	0.015751921516011524	0.8758315936149532	0.00011588712787408558	`xtol` termination condition is satisfied.	"[1.16575902e-01 7.52808106e-02 1.57519215e-02 8.75831594e-01
 1.15887128e-04]"	[0.02181111 0.38380536 0.1149582  0.63937366 0.00072796]
73	True	11.035791635513306	28.327193930226013	0.13320566284103286	0.08608338747899781	0.01159684018566911	0.6088305680887117	0.00011456115175196278	`xtol` termination condition is satisfied.	"[1.33205663e-01 8.60833875e-02 1.15968402e-02 6.08830568e-01
 1.14561152e-04]"	"[2.15130831e-02 2.69703676e-02 1.07307724e-01 3.09740281e+03
 2.70339583e-03]"
124	True	8.723717451095581	28.348056260809606	0.08957987552970749	0.057685684122642314	6.555128842001613	1927.8022110042186	0.000590085298852043	`xtol` termination condition is satisfied.	"[8.95798755e-02 5.76856841e-02 6.55512884e+00 1.92780221e+03
 5.90085299e-04]"	"[5.33010135e+01 7.96321107e-03 9.52380232e+00 1.78842993e+03
 3.93289300e-03]"
121	True	9.72331690788269	28.349224712082627	0.0940835371771557	0.06062185984883865	0.09332271712845637	5.402049650110163	0.00011661260604328747	`xtol` termination condition is satisfied.	"[9.40835372e-02 6.06218598e-02 9.33227171e-02 5.40204965e+00
 1.16612606e-04]"	"[4.39737634e-01 3.97421240e-02 5.29040988e-01 2.77285811e+00
 2.56453835e-04]"
96	True	8.666572332382202	28.353753079529913	0.3177984565632766	0.20633805800800614	0.0003602822988459885	0.07757023057681006	0.0009170192783869201	`xtol` termination condition is satisfied.	[0.31779846 0.20633806 0.00036028 0.07757023 0.00091702]	"[1.21556905e-01 1.38476641e-01 3.02492251e+00 1.49539680e-03
 1.50323413e-03]"
7	True	7.635759353637695	28.36904052612754	0.10675520005184214	0.06887822263235843	0.033689283945379594	1.8977752358788358	0.00011624898724861852	`xtol` termination condition is satisfied.	"[1.06755200e-01 6.88782226e-02 3.36892839e-02 1.89777524e+00
 1.16248987e-04]"	[0.00720983 0.71752724 0.18747804 0.71688589 0.00195543]
17	True	7.065256357192993	28.373637226184794	0.09306177914477913	0.05996424672333124	0.6893733825145126	38.50927305513096	0.00011461999950888533	`xtol` termination condition is satisfied.	"[9.30617791e-02 5.99642467e-02 6.89373383e-01 3.85092731e+01
 1.14620000e-04]"	"[6.36584406e+01 9.46937128e-03 1.39917463e+00 2.89999195e+01
 2.66387573e-05]"
118	True	8.512790441513062	28.453965669683903	0.7304210568454527	0.4752907441333408	0.00035854280673655825	0.07599022850009667	0.0008787554925516973	`xtol` termination condition is satisfied.	"[7.30421057e-01 4.75290744e-01 3.58542807e-04 7.59902285e-02
 8.78755493e-04]"	"[1.56621819e+00 5.35415674e-01 4.26674737e-04 1.17021964e-03
 8.94257985e-02]"
6	True	10.337434530258179	28.463058423296978	0.9880743385635773	0.6421338970811195	0.0003666588603537466	0.07955718446215784	0.0009196594572013756	`xtol` termination condition is satisfied.	"[9.88074339e-01 6.42133897e-01 3.66658860e-04 7.95571845e-02
 9.19659457e-04]"	"[1.35371430e+00 3.40925443e-01 4.52075734e-04 1.07758386e-01
 1.29435836e-01]"
5	True	8.513664722442627	28.469383074491255	0.11378772931199031	0.07345413299173152	0.21092956799086737	11.916381039779791	0.00011483948579646705	`xtol` termination condition is satisfied.	"[1.13787729e-01 7.34541330e-02 2.10929568e-01 1.19163810e+01
 1.14839486e-04]"	"[4.42431390e+01 1.66402327e-02 8.41869529e-01 2.16358736e+02
 7.51418233e-05]"
15	True	8.764681816101074	28.473497536189583	0.779809246061117	0.506919943202199	0.0003538054662567142	0.07466928017963351	0.0008787111387022587	`xtol` termination condition is satisfied.	"[7.79809246e-01 5.06919943e-01 3.53805466e-04 7.46692802e-02
 8.78711139e-04]"	[0.17996239 0.52800111 0.00103691 0.02377089 0.00832998]
38	True	7.313165903091431	28.566129038956085	0.1407975750181812	0.09106756556155729	0.060891063361215234	18.27434012173457	0.0006254659569272087	`xtol` termination condition is satisfied.	"[1.40797575e-01 9.10675656e-02 6.08910634e-02 1.82743401e+01
 6.25465957e-04]"	[0.07740877 0.07988548 2.21481983 0.00664737 0.01332023]
244	True	10.27650260925293	28.71508194675365	0.22425089755375885	0.1455263323760933	0.1692128081041778	9.399473653128188	0.0001141330663799875	`xtol` termination condition is satisfied.	"[2.24250898e-01 1.45526332e-01 1.69212808e-01 9.39947365e+00
 1.14133066e-04]"	"[4.80625264e+00 7.88976539e-01 2.71195687e-01 4.56367224e+01
 1.23539188e-05]"
200	True	8.914522171020508	28.728670407745028	0.3272860396753141	0.21241465735947815	0.01237877430788242	3.5962933039699183	0.0005962766384002241	`xtol` termination condition is satisfied.	"[3.27286040e-01 2.12414657e-01 1.23787743e-02 3.59629330e+00
 5.96276638e-04]"	"[1.01601569e+00 9.63284974e-02 8.62046345e-03 1.04215276e+01
 3.03712057e-01]"
108	True	8.67615556716919	28.737973482756114	0.31834833255796613	0.20669373236133337	0.037577899410427745	2.047366467474187	0.00011408217983107131	`xtol` termination condition is satisfied.	"[3.18348333e-01 2.06693732e-01 3.75778994e-02 2.04736647e+00
 1.14082180e-04]"	"[7.69570696e-02 7.47378612e-01 1.53728670e-01 4.64366423e+00
 3.40833336e-04]"
246	True	9.840641021728516	28.745739409699794	0.2798291351739048	0.18148390617240365	0.03643132937708272	10.534128498647842	0.0005767925261887345	`xtol` termination condition is satisfied.	"[2.79829135e-01 1.81483906e-01 3.64313294e-02 1.05341285e+01
 5.76792526e-04]"	"[9.24181917e+01 4.00808881e-02 1.30112983e-01 6.50604674e+01
 1.57652344e-02]"
117	True	17.29007887840271	28.772228655360617	0.2998553267383083	0.19453327291855665	0.023020568704570858	6.9913196954670385	0.000653362643952066	`ftol` termination condition is satisfied.	"[2.99855327e-01 1.94533273e-01 2.30205687e-02 6.99131970e+00
 6.53362644e-04]"	"[6.09107888e-01 3.06692143e-04 1.09921971e+00 1.79227398e-02
 5.00557630e-03]"
89	True	6.884176969528198	28.806173628966416	0.37574372554700336	0.24397983086638372	0.02581342315268633	7.765402536797494	0.0006362804572449624	`xtol` termination condition is satisfied.	"[3.75743726e-01 2.43979831e-01 2.58134232e-02 7.76540254e+00
 6.36280457e-04]"	[ 1.37410647  0.16560518  0.01847417 14.87381102  0.01714004]
232	True	9.569318532943726	28.80871149863238	0.31302245621768116	0.20323189165041056	0.16388168235964867	49.77276416267012	0.0006397241051451575	`xtol` termination condition is satisfied.	"[3.13022456e-01 2.03231892e-01 1.63881682e-01 4.97727642e+01
 6.39724105e-04]"	"[1.00029522e+00 5.88978457e-02 7.45733748e-02 3.44898864e+02
 1.26217913e-04]"
86	True	12.528859376907349	28.824429840079816	0.9978710909126431	0.6489541300725137	0.02382390489172916	1.2935711552178801	0.00011465679830186941	Both `ftol` and `xtol` termination conditions are satisfied.	"[9.97871091e-01 6.48954130e-01 2.38239049e-02 1.29357116e+00
 1.14656798e-04]"	"[6.32294111e+01 1.09511549e-01 6.15769367e-01 4.70735515e-02
 1.13483993e-04]"
8	True	11.189750909805298	28.8668289148273	1.0051459611339444	0.6542570566941652	0.044048227634026584	2.604451493885569	0.00011920660832429023	`xtol` termination condition is satisfied.	"[1.00514596e+00 6.54257057e-01 4.40482276e-02 2.60445149e+00
 1.19206608e-04]"	"[1.04006792e+00 2.18340143e-01 1.17012538e-02 1.15944115e+02
 1.48003631e-05]"
39	True	9.464952945709229	28.87306193801247	0.5293211106726098	0.3438722480036274	3.3097230676951184	194.08321021538757	0.00011684557734235555	`xtol` termination condition is satisfied.	"[5.29321111e-01 3.43872248e-01 3.30972307e+00 1.94083210e+02
 1.16845577e-04]"	"[1.67994138e-01 4.57161167e-01 4.41215993e+00 1.98432414e-04
 4.83489179e-05]"
223	True	10.189838886260986	28.88281492909944	0.7716155858579634	0.5017856086527666	0.03444624713124006	10.150617177255292	0.0006017200869378569	`xtol` termination condition is satisfied.	"[7.71615586e-01 5.01785609e-01 3.44462471e-02 1.01506172e+01
 6.01720087e-04]"	"[5.77206162e+00 1.10679849e-01 3.91948102e-02 7.75167026e+01
 9.88658885e+00]"
235	True	15.807002067565918	28.884131460381603	0.9926093980319957	0.6455968520378045	0.06226861053536426	3.6138089248111314	0.00011717947289851665	`xtol` termination condition is satisfied.	"[9.92609398e-01 6.45596852e-01 6.22686105e-02 3.61380892e+00
 1.17179473e-04]"	"[8.62932822e-02 2.58432795e-01 1.58765977e-03 1.63320855e+03
 3.92921000e-03]"
134	True	7.677831172943115	28.900185677298346	0.7294607912705464	0.4741199922847554	0.2784892954230026	15.772991511116828	0.00011504342136000828	`xtol` termination condition is satisfied.	"[7.29460791e-01 4.74119992e-01 2.78489295e-01 1.57729915e+01
 1.15043421e-04]"	"[3.56957942e-01 9.72993161e-01 1.51600159e+00 1.94435483e+01
 5.35047756e-03]"
29	True	10.16830062866211	28.919088092187128	1.3820683201651125	0.8998368888316488	0.04139057692951513	12.059209605319431	0.0005848784572918725	`xtol` termination condition is satisfied.	"[1.38206832e+00 8.99836889e-01 4.13905769e-02 1.20592096e+01
 5.84878457e-04]"	"[9.25424363e+00 8.53415289e-01 6.13297363e-03 3.54644754e+02
 4.72627098e+00]"
203	True	13.186343669891357	28.92917696215469	0.9298981247029487	0.6050663494897555	0.5063855581684416	27.949388371989382	0.0001136246328720125	`xtol` termination condition is satisfied.	"[9.29898125e-01 6.05066349e-01 5.06385558e-01 2.79493884e+01
 1.13624633e-04]"	"[3.86268865e+01 1.51028071e-04 6.13611650e-01 2.23390491e-03
 1.72253006e-03]"
44	True	11.926904678344727	31.38285213350777	0.021074150086668027	0.012998313614408723	0.015279445212537582	6.925990855921557	4.240434535723698	`xtol` termination condition is satisfied.	[0.02107415 0.01299831 0.01527945 6.92599086 4.24043454]	"[1.80754450e-05 2.00538193e-03 1.86769752e-03 2.15154466e+03
 1.11784722e-05]"
176	True	12.269458055496216	31.402352346788597	0.020350326850843786	0.012522296218026498	0.032838074992574476	14.970686636099487	3.699571825030069	`xtol` termination condition is satisfied.	"[2.03503269e-02 1.25222962e-02 3.28380750e-02 1.49706866e+01
 3.69957183e+00]"	"[1.32834758e-05 1.39139760e-04 4.53942411e-02 1.15859067e+00
 2.69677865e+00]"
103	True	8.5361328125	31.441956237332835	0.020827437932535185	0.012843220767726881	0.7900558552284053	0.0001565141678994512	7.637713868747236e-05	`xtol` termination condition is satisfied.	"[2.08274379e-02 1.28432208e-02 7.90055855e-01 1.56514168e-04
 7.63771387e-05]"	"[2.72324922e-01 2.66605910e-03 4.31032500e-03 1.55909204e-04
 1.32224098e-03]"
84	True	13.533689737319946	31.44231757426502	0.024320464442403725	0.01512656155330214	0.2582337324486887	117.92579771252751	0.02260409292967784	`xtol` termination condition is satisfied.	"[2.43204644e-02 1.51265616e-02 2.58233732e-01 1.17925798e+02
 2.26040929e-02]"	"[2.38248662e-05 1.22264925e-03 1.94374473e-03 1.98004026e-02
 4.22078627e-01]"
55	True	8.180481910705566	31.46160558477165	0.02326630267451823	0.014435497888106363	9.552991362868271	0.33545722260918953	7.635151434245879e-05	`xtol` termination condition is satisfied.	"[2.32663027e-02 1.44354979e-02 9.55299136e+00 3.35457223e-01
 7.63515143e-05]"	"[2.45456031e+01 3.18001536e-04 1.80791930e+00 1.88515203e-04
 2.02075405e-04]"
247	True	13.585258960723877	31.476320845496797	0.02266255058662921	0.0140451278152729	3.7640991836323305	0.00024903511450092425	7.634406671085261e-05	`xtol` termination condition is satisfied.	"[2.26625506e-02 1.40451278e-02 3.76409918e+00 2.49035115e-04
 7.63440667e-05]"	"[2.39930049e-01 2.34050095e-04 2.15386269e+00 7.10934678e-03
 6.64020607e-05]"
170	True	12.454997777938843	31.505475370493116	0.023326847867623932	0.014493087739581656	0.007622287541805822	0.00230196144815191	7.604095122721864e-05	`xtol` termination condition is satisfied.	"[2.33268479e-02 1.44930877e-02 7.62228754e-03 2.30196145e-03
 7.60409512e-05]"	"[6.55009095e-05 7.32787177e-02 9.88932552e-03 2.40121884e+03
 2.12662029e-05]"
218	True	12.629889011383057	31.529632588854195	0.18419359957435505	0.11933212309612196	0.0003145866183801772	0.09138516240566275	0.5030779137825148	`xtol` termination condition is satisfied.	"[1.84193600e-01 1.19332123e-01 3.14586618e-04 9.13851624e-02
 5.03077914e-01]"	"[3.55326032e-03 1.03346282e-02 1.14479259e-03 1.23961620e+02
 9.26831993e-05]"
192	True	13.171527862548828	31.770303162427616	0.05018963801840417	0.03202390508451279	0.00213932252877856	0.9139345696492679	0.7567472825004733	`xtol` termination condition is satisfied.	[0.05018964 0.03202391 0.00213932 0.91393457 0.75674728]	"[7.84696716e-03 1.12841921e-02 1.83585728e-01 6.29335316e+03
 9.90621384e-01]"
10	True	8.539649724960327	32.681173764049205	0.11144805326114728	0.07194741314609605	1.3996662323368474	640.8759558894258	9.999506914134496	`xtol` termination condition is satisfied.	"[1.11448053e-01 7.19474131e-02 1.39966623e+00 6.40875956e+02
 9.99950691e+00]"	[ 0.02632462  0.23951573  2.61617118 15.87743364  1.46616129]
185	True	7.1604955196380615	32.77436206504668	0.13492704056332427	0.08722392704346535	2.505434939669728	0.0014461777662353526	7.641996587231286e-05	`xtol` termination condition is satisfied.	"[1.34927041e-01 8.72239270e-02 2.50543494e+00 1.44617777e-03
 7.64199659e-05]"	"[8.04368567e+01 2.38571243e-02 1.50913920e+00 4.08294308e-04
 1.45656511e-04]"
164	True	9.918594121932983	32.78815030602779	0.13886249769307285	0.08976549285960471	0.5058455920660183	0.01210787281084668	7.671691237241137e-05	`xtol` termination condition is satisfied.	"[1.38862498e-01 8.97654929e-02 5.05845592e-01 1.21078728e-02
 7.67169124e-05]"	[0.04668837 0.2051628  0.06055604 0.01918447 0.37633101]
109	True	10.650625228881836	32.81645351130478	0.15701317208095383	0.10167825821754083	0.26570873212567414	0.10857364241619472	7.612364181297109e-05	`xtol` termination condition is satisfied.	"[1.57013172e-01 1.01678258e-01 2.65708732e-01 1.08573642e-01
 7.61236418e-05]"	[0.00073267 0.0810365  0.69548316 0.28832092 0.42784371]
226	True	12.151370286941528	32.88649486797163	0.18500691395302016	0.1198800645957442	0.5123749684600866	0.00018844005337564365	7.641424645684804e-05	`xtol` termination condition is satisfied.	"[1.85006914e-01 1.19880065e-01 5.12374968e-01 1.88440053e-04
 7.64142465e-05]"	"[7.08871258e-02 1.20460621e-04 1.87415745e-02 2.86454182e-02
 2.07657149e+00]"
54	True	7.976529121398926	32.906872610892975	0.19793359554473225	0.1283056579326618	0.1533544768750647	0.00026062354783997914	7.648873944666726e-05	`xtol` termination condition is satisfied.	"[1.97933596e-01 1.28305658e-01 1.53354477e-01 2.60623548e-04
 7.64887394e-05]"	"[6.10056632e-02 3.95106833e-01 4.17732994e+00 2.30902572e-03
 7.22460950e-04]"
133	True	9.34273076057434	32.99129564783503	0.35331802481477437	0.22939038627670522	0.025861581315070478	11.767754267517324	0.28268566964597874	`xtol` termination condition is satisfied.	[ 0.35331802  0.22939039  0.02586158 11.76775427  0.28268567]	"[2.83053947e-01 8.86785724e-02 2.23978427e-03 1.22034705e+03
 1.05750885e+00]"
60	True	9.612088680267334	33.003672513555344	0.23323394731624203	0.15132924855690036	0.006384234397205251	0.0001787215890594592	7.59669503631908e-05	`xtol` termination condition is satisfied.	"[2.33233947e-01 1.51329249e-01 6.38423440e-03 1.78721589e-04
 7.59669504e-05]"	"[3.52131407e+01 4.97171948e-02 5.73524571e-02 1.89396739e-02
 3.00167336e-05]"
126	True	6.594156503677368	33.00851965102783	0.3189281855393152	0.20703233822906886	1.0698399086699102	489.9612006401921	3.9331523944319438	`xtol` termination condition is satisfied.	"[3.18928186e-01 2.07032338e-01 1.06983991e+00 4.89961201e+02
 3.93315239e+00]"	"[3.02319183e+00 1.31203888e-01 2.30893302e+00 1.03324949e+03
 3.93552729e+00]"
179	True	14.253032684326172	33.059180968921034	0.9862572808211334	0.6415896870289832	0.03573584288341726	16.290328679069766	0.02458307357962386	`xtol` termination condition is satisfied.	[ 0.98625728  0.64158969  0.03573584 16.29032868  0.02458307]	"[2.93329588e-01 3.68442668e-01 2.33249783e-04 3.29433423e+03
 6.08079672e-05]"
83	True	6.964184284210205	33.10550809732893	0.9900937487731664	0.6438140432128092	0.04245565207096014	19.373453031797418	0.10420379104260509	`xtol` termination condition is satisfied.	[ 0.99009375  0.64381404  0.04245565 19.37345303  0.10420379]	"[3.44883120e-01 7.02176544e-01 3.44797536e-02 1.22751122e+02
 2.56397919e+00]"
70	True	13.927884101867676	33.1069692305618	0.6286885590016923	0.40850823361088495	0.5685839849016657	0.0008502131212432918	7.642554328256047e-05	`xtol` termination condition is satisfied.	"[6.28688559e-01 4.08508234e-01 5.68583985e-01 8.50213121e-04
 7.64255433e-05]"	[0.21319332 0.00285208 0.20194639 0.00166015 0.02124108]
221	True	13.049840927124023	33.11298007099027	0.6670556402224189	0.4336474525039675	9.992014818378276	0.0005111556401386899	7.642189926325883e-05	`xtol` termination condition is satisfied.	"[6.67055640e-01 4.33647453e-01 9.99201482e+00 5.11155640e-04
 7.64218993e-05]"	[0.44777465 0.03311215 0.08257924 0.00598634 2.36757108]
59	True	16.031968355178833	33.12525358823596	1.0027489276884787	0.6528675034633535	0.0929946006336892	42.46862570590892	0.45958414049305835	`xtol` termination condition is satisfied.	[ 1.00274893  0.6528675   0.0929946  42.46862571  0.45958414]	[  6.74855701   0.54819803   0.94724057 108.83064455   3.5088803 ]
13	True	14.402963161468506	41.54628682792335	0.01894894539835692	0.011595988365693474	0.00010369474940392863	0.00015592699841542097	0.30414134009196736	`xtol` termination condition is satisfied.	"[1.89489454e-02 1.15959884e-02 1.03694749e-04 1.55926998e-04
 3.04141340e-01]"	[0.00050219 0.00554084 0.00543609 0.00544091 0.26485187]
231	True	6.508806228637695	88.11109115767853	1.3261207288771502	0.7320285732031395	0.494182779964472	0.0003567797527150608	6.543281026571778	`xtol` termination condition is satisfied.	"[1.32612073e+00 7.32028573e-01 4.94182780e-01 3.56779753e-04
 6.54328103e+00]"	"[1.50575964e+01 6.22396169e-01 7.16338593e-01 1.04345669e-03
 3.10098850e-02]"
51	True	14.569001197814941	88.12182587226836	1.0244109544007116	0.5660921162474732	7.132023808377689	0.0005358753141431724	9.999966980928622	`xtol` termination condition is satisfied.	"[1.02441095e+00 5.66092116e-01 7.13202381e+00 5.35875314e-04
 9.99996698e+00]"	"[5.48739770e-04 8.25298149e-01 1.54746127e-02 3.80641335e+01
 6.07856635e+00]"
217	True	12.78749704360962	88.15768654915432	0.7820613349245843	0.4316877951562114	3.273443298764781	0.0001004205576216158	9.999999612433383	`xtol` termination condition is satisfied.	"[7.82061335e-01 4.31687795e-01 3.27344330e+00 1.00420558e-04
 9.99999961e+00]"	"[1.13409354e+01 3.85918244e-03 6.42521103e+00 1.81453412e-02
 3.89773621e+00]"
130	True	11.633699178695679	88.17445506314718	0.7048097770688153	0.3888111363711748	9.989401322772764	0.00010017974721254929	9.999809131007375	`ftol` termination condition is satisfied.	"[7.04809777e-01 3.88811136e-01 9.98940132e+00 1.00179747e-04
 9.99980913e+00]"	"[4.98026543e-02 2.38287004e-01 9.64269997e-02 2.49075249e-02
 1.47265525e-05]"
81	True	12.497243642807007	88.18208388443115	0.9109940034433541	0.5010162147889705	5.386282217226189	0.00016114283142146772	9.31772358105773	`ftol` termination condition is satisfied.	"[9.10994003e-01 5.01016215e-01 5.38628222e+00 1.61142831e-04
 9.31772358e+00]"	"[2.83088258e+00 5.31357424e-01 4.19173239e+00 1.58663168e-04
 5.53358525e+00]"
206	True	21.74908971786499	88.22191969437374	0.6731914221266224	0.3714046725541128	2.658885535762609	0.0010785342545212083	7.969285461210281	`xtol` termination condition is satisfied.	"[6.73191422e-01 3.71404673e-01 2.65888554e+00 1.07853425e-03
 7.96928546e+00]"	"[1.51322167e-04 7.11995387e-01 1.14178415e+00 1.75142453e+00
 1.52906908e+00]"
238	True	17.84157633781433	88.2275363823037	0.6518743007508189	0.35892135334089514	1.8642612216388734	0.0012852135939394208	8.49914303996614	`xtol` termination condition is satisfied.	"[6.51874301e-01 3.58921353e-01 1.86426122e+00 1.28521359e-03
 8.49914304e+00]"	"[1.38454409e+00 5.39584036e-03 3.70514340e+00 2.60216370e+01
 7.15305649e+00]"
95	True	18.996915340423584	88.23665865921211	0.6040984255606809	0.33306866949037606	2.4154398716746184	0.0005526818707356448	9.996473290769622	`xtol` termination condition is satisfied.	"[6.04098426e-01 3.33068669e-01 2.41543987e+00 5.52681871e-04
 9.99647329e+00]"	"[5.14121467e-05 1.56704213e-02 7.01368515e-04 7.52029048e-04
 4.93130575e-03]"
197	True	15.743555068969727	88.2707190730552	0.9712987594439789	0.5347865631721967	0.1509637095025921	0.0008533937018889796	4.027497974647847	`xtol` termination condition is satisfied.	"[9.71298759e-01 5.34786563e-01 1.50963710e-01 8.53393702e-04
 4.02749797e+00]"	"[3.36459317e+01 1.49642819e-01 1.51853855e-02 4.60065277e-02
 1.82758949e-02]"
201	True	23.863210916519165	88.29565838262394	0.5395669757011154	0.29641315195877305	9.616729114155426	0.00010781867523578115	8.634588934860663	`xtol` termination condition is satisfied.	"[5.39566976e-01 2.96413152e-01 9.61672911e+00 1.07818675e-04
 8.63458893e+00]"	"[7.21737794e+01 1.71569288e-02 5.48153454e+00 1.73090696e-04
 7.14505399e-03]"
157	True	43.304229736328125	88.29621622690802	0.602753560933811	0.331263300170715	0.3181070923537039	0.0005069559724551774	9.46745591823481	`ftol` termination condition is satisfied.	"[6.02753561e-01 3.31263300e-01 3.18107092e-01 5.06955972e-04
 9.46745592e+00]"	"[1.03972881e-05 6.79892504e-01 8.16170494e+00 1.12909363e-04
 1.05593192e-01]"
115	True	23.95691204071045	88.29883229994851	0.5336601961351343	0.29318947651526006	8.207724821752542	0.00017120764203503596	8.692181548213037	`xtol` termination condition is satisfied.	"[5.33660196e-01 2.93189477e-01 8.20772482e+00 1.71207642e-04
 8.69218155e+00]"	"[2.49468410e-05 2.62012812e-04 1.19265044e-03 3.00079897e+03
 2.41504488e-01]"
137	True	15.141531467437744	88.30003192156131	0.5174915338171324	0.283933832462291	0.644889218145453	0.0013477843770958735	9.668950657979778	`ftol` termination condition is satisfied.	"[5.17491534e-01 2.83933832e-01 6.44889218e-01 1.34778438e-03
 9.66895066e+00]"	"[6.63816901e-05 1.75572635e-02 5.16417241e+00 8.13427630e-04
 8.04652405e-02]"
94	True	18.74352264404297	88.31071585025407	0.48045682011441615	0.263667818355265	9.810319681318637	0.00010264661891015778	8.813599858209527	`xtol` termination condition is satisfied.	"[4.80456820e-01 2.63667818e-01 9.81031968e+00 1.02646619e-04
 8.81359986e+00]"	"[1.39892700e-05 2.84222326e-03 1.48728435e-01 1.18492446e-01
 7.93221679e-02]"
22	True	18.4575412273407	88.31827343208872	0.49055230347357154	0.26911115828002574	0.34646319619030486	0.00030433998662003734	5.87823443442599	`xtol` termination condition is satisfied.	"[4.90552303e-01 2.69111158e-01 3.46463196e-01 3.04339987e-04
 5.87823443e+00]"	"[6.77947542e+00 1.66508851e-03 4.52839109e-02 4.25352277e-02
 1.42605894e-02]"
98	True	17.38129758834839	88.32047593645348	0.6686503645480653	0.3701346918032123	0.937422161533486	0.0007660530526265492	3.507023258627325	`ftol` termination condition is satisfied.	"[6.68650365e-01 3.70134692e-01 9.37422162e-01 7.66053053e-04
 3.50702326e+00]"	[0.29085247 0.05139288 0.00791202 0.00446898 0.75066429]
174	True	25.593137502670288	88.33232198124563	0.6273706870825392	0.3450411308645718	3.11285343542613	0.0023061779461774116	3.5368140072870062	`xtol` termination condition is satisfied.	"[6.27370687e-01 3.45041131e-01 3.11285344e+00 2.30617795e-03
 3.53681401e+00]"	"[7.04569554e-05 4.31951077e-01 3.06839265e+00 4.25748158e+00
 6.37218637e-01]"
11	True	11.427903652191162	88.33252535358206	0.5493587407329593	0.3027446168026693	8.604676238749727	0.00010315873865707655	3.7568156544362385	`xtol` termination condition is satisfied.	"[5.49358741e-01 3.02744617e-01 8.60467624e+00 1.03158739e-04
 3.75681565e+00]"	"[3.77906767e+00 7.59550826e-03 5.41873360e-01 4.20261077e-04
 8.53480881e-01]"
204	True	13.453546047210693	88.34328808807835	0.5883444994291511	0.3228744050792866	9.55260493687747	0.00010923590919555109	4.664150567367286	`xtol` termination condition is satisfied.	"[5.88344499e-01 3.22874405e-01 9.55260494e+00 1.09235909e-04
 4.66415057e+00]"	[0.00859861 0.00551251 0.36953926 0.63758585 0.40331082]
101	True	6.528412103652954	88.36113264686081	0.4078846131406311	0.22449983618129724	2.5017691145211565	0.0006545542124680406	5.3763370390002025	`xtol` termination condition is satisfied.	"[4.07884613e-01 2.24499836e-01 2.50176911e+00 6.54554212e-04
 5.37633704e+00]"	"[1.53778536e-01 1.56617544e-01 3.23784502e-04 4.17381244e+02
 8.28786113e+00]"
99	True	8.3113853931427	88.36368298413848	0.7256743333034807	0.3997337743089193	4.290613171862632	0.0010961639178848693	2.0531836458054724	`xtol` termination condition is satisfied.	"[7.25674333e-01 3.99733774e-01 4.29061317e+00 1.09616392e-03
 2.05318365e+00]"	"[2.69495584e+01 9.39326177e-03 2.20834151e-01 2.90027156e-01
 1.87775873e-01]"
106	True	21.008162021636963	88.36437780411065	0.682441429756128	0.37538059288748976	0.2640707282568138	0.0022626398319248913	3.86908243800311	`ftol` termination condition is satisfied.	"[6.82441430e-01 3.75380593e-01 2.64070728e-01 2.26263983e-03
 3.86908244e+00]"	"[1.74807080e+01 4.95971031e-04 3.14999414e-01 1.50073143e-02
 8.12344985e-03]"
25	True	16.523218631744385	88.39308203050958	0.35234578122348964	0.19285096147613173	1.2214633006082594	0.00016837095280325322	6.1037067401387075	`xtol` termination condition is satisfied.	"[3.52345781e-01 1.92850961e-01 1.22146330e+00 1.68370953e-04
 6.10370674e+00]"	"[3.18447470e-05 5.65914062e-02 9.18530988e+00 8.01186978e-02
 1.62414055e-04]"
207	True	10.971014022827148	88.3961201830436	0.6326852300769311	0.3487075271549701	3.426807175188235	0.004721131941187834	2.079498509041078	`xtol` termination condition is satisfied.	[0.63268523 0.34870753 3.42680718 0.00472113 2.07949851]	"[6.17511746e-04 3.72873377e-01 9.92115545e-01 1.12001204e+00
 8.81897902e-05]"
161	True	11.545434951782227	88.4221462345829	0.46150394365559044	0.2530388428055973	0.0819152696413385	0.0006697954370223369	6.620986923383751	`xtol` termination condition is satisfied.	"[4.61503944e-01 2.53038843e-01 8.19152696e-02 6.69795437e-04
 6.62098692e+00]"	"[9.73419871e+01 7.35930225e-03 3.81575636e-01 4.24763072e-04
 3.28620686e+00]"
178	True	7.99186110496521	88.42466906526391	0.7295772562053809	0.4030347868415193	0.5150560521105937	0.003442958432304276	2.4419519146727593	`xtol` termination condition is satisfied.	[0.72957726 0.40303479 0.51505605 0.00344296 2.44195191]	[8.89880501 0.09040057 0.03739014 0.01293809 0.00935143]
92	True	11.255245685577393	88.43128550186908	0.3383093414834748	0.18442823256224927	0.7326272455512945	0.000256998947649072	7.442321131738326	`xtol` termination condition is satisfied.	"[3.38309341e-01 1.84428233e-01 7.32627246e-01 2.56998948e-04
 7.44232113e+00]"	"[1.37056509e-04 2.33276195e-01 4.74401011e-02 3.78304290e-04
 6.49563125e-02]"
132	True	13.84027886390686	88.44485172210547	0.5296438060567012	0.291709443797267	5.179439815574649	0.05461664513138365	5.263077523128389	`xtol` termination condition is satisfied.	[0.52964381 0.29170944 5.17943982 0.05461665 5.26307752]	"[1.25639947e-05 2.25361271e-03 2.57124489e+00 4.29597217e+03
 1.79284904e+00]"
102	True	13.449015378952026	88.45415949324004	0.4150964485256074	0.22884330407675535	5.014446658944788	0.028481099469880915	5.8091636821997925	`xtol` termination condition is satisfied.	[0.41509645 0.2288433  5.01444666 0.0284811  5.80916368]	"[2.87140176e-04 2.22823727e-01 2.18691898e+00 9.08119717e+00
 2.66852401e-02]"
119	True	30.173717260360718	88.4710490784511	0.48516521332042906	0.26579070523703546	7.9988002761470485	0.0006456174890300404	1.7705036037934958	`xtol` termination condition is satisfied.	"[4.85165213e-01 2.65790705e-01 7.99880028e+00 6.45617489e-04
 1.77050360e+00]"	"[1.08671765e-05 3.61300111e-01 6.00546346e+00 1.06027000e+02
 4.89493622e-02]"
163	True	13.019386291503906	88.54342394814087	0.3261103429474686	0.1784618486409466	0.053623350385856985	0.0003136927067784324	4.648992573336036	`xtol` termination condition is satisfied.	"[3.26110343e-01 1.78461849e-01 5.36233504e-02 3.13692707e-04
 4.64899257e+00]"	"[1.25766935e-02 2.68526575e-02 7.70314140e-04 1.30960992e+01
 6.62133343e+00]"
189	True	14.391315937042236	88.55251063398735	0.42257630553608416	0.23177719391680454	1.4530874750148297	0.009487494561998567	2.5808146308681224	`xtol` termination condition is satisfied.	[0.42257631 0.23177719 1.45308748 0.00948749 2.58081463]	"[4.20433682e+00 2.25189487e-04 3.39827374e+00 5.44754135e-01
 1.97353210e-01]"
194	True	11.663795948028564	88.56966742281342	0.5384244754329165	0.2961732881657177	0.5682292013808415	0.0009270561709130549	1.3117544109657902	`xtol` termination condition is satisfied.	"[5.38424475e-01 2.96173288e-01 5.68229201e-01 9.27056171e-04
 1.31175441e+00]"	"[1.40634561e-03 2.53688251e-01 8.68941750e+00 2.86275365e+01
 5.46379370e-02]"
46	True	14.906936883926392	88.62309436926972	0.39311586845200336	0.21514832334767753	1.9334752006682459	0.0005116687845679467	1.245386836232844	`xtol` termination condition is satisfied.	"[3.93115868e-01 2.15148323e-01 1.93347520e+00 5.11668785e-04
 1.24538684e+00]"	[0.13555541 0.02987737 0.72956076 0.02739302 0.00901569]
216	True	15.563141822814941	88.6908865604451	0.24495879012125574	0.13361611159739778	1.4784907890350918	0.001474077508023658	3.4542765869445815	`xtol` termination condition is satisfied.	"[2.44958790e-01 1.33616112e-01 1.47849079e+00 1.47407751e-03
 3.45427659e+00]"	"[9.22871529e-05 2.37288051e-03 3.28539087e-04 6.88674015e-04
 1.35526933e-01]"
205	True	8.928993940353394	88.69894390035051	0.2515586988582775	0.1371883761251946	0.8780756410668785	0.0005934007332053548	2.454369449452512	`xtol` termination condition is satisfied.	"[2.51558699e-01 1.37188376e-01 8.78075641e-01 5.93400733e-04
 2.45436945e+00]"	"[7.23350067e-02 6.23540742e-02 5.68976849e-02 3.01781711e-04
 1.09195409e+00]"
3	True	12.46944284439087	88.70224798505129	0.3419783546022908	0.18802862362940234	1.7851845921674172	0.002623554412782995	1.2643975832587753	`xtol` termination condition is satisfied.	[0.34197835 0.18802862 1.78518459 0.00262355 1.26439758]	"[2.84081058e-04 6.49212780e-02 6.42676234e+00 2.52426220e-03
 7.85384879e-02]"
195	True	11.860427618026733	88.7026207269359	0.4078131838740942	0.22325216026778422	1.0182491900629642	0.009760513946950282	1.3727308235266462	`xtol` termination condition is satisfied.	[0.40781318 0.22325216 1.01824919 0.00976051 1.37273082]	"[1.88293597e-04 5.51461356e-01 4.61122800e-01 2.98420941e+00
 8.44461460e+00]"
146	True	10.84130072593689	88.7843355644083	0.27883361382444743	0.15209659077557725	1.1524885396272637	0.0011693966160808474	1.7239882940435347	`xtol` termination condition is satisfied.	"[2.78833614e-01 1.52096591e-01 1.15248854e+00 1.16939662e-03
 1.72398829e+00]"	[0.00545745 0.00061745 0.52110163 0.00485247 0.01498151]
249	True	18.592862606048584	88.79438909920206	0.2758385870691961	0.15053933298102223	0.16374626525530195	0.002873951397746006	3.209189378612878	`xtol` termination condition is satisfied.	"[2.75838587e-01 1.50539333e-01 1.63746265e-01 2.87395140e-03
 3.20918938e+00]"	[0.03679485 0.00067586 0.16887419 0.15264633 0.0129117 ]
61	True	10.914473295211792	88.9466640965096	0.24280413464172865	0.13245093253490559	0.8807374064102048	0.009983491284373758	1.371468695499062	`xtol` termination condition is satisfied.	[0.24280413 0.13245093 0.88073741 0.00998349 1.3714687 ]	"[1.30090969e+01 5.81653649e-03 6.97117167e+00 2.81071162e-01
 2.05803244e+00]"
239	True	4.694077253341675	436.43184300587575	0.44131419044436043	0.2785800624626221	0.0010476726327606363	0.0011006676157849797	0.029046876425804804	`xtol` termination condition is satisfied.	[0.44131419 0.27858006 0.00104767 0.00110067 0.02904688]	"[1.34076943e+01 1.85547638e-01 5.86815924e-03 3.62817543e-03
 5.07190834e-03]"
114	True	10.402817487716675	453.9829341685732	0.003087581891117878	0.0003087555611556132	0.0011375175096376875	0.0018107334018196272	0.1497582501287013	`xtol` termination condition is satisfied.	[0.00308758 0.00030876 0.00113752 0.00181073 0.14975825]	[0.00224043 0.00015186 0.00159291 0.00413415 0.13837653]
